1,0.322704633763,is needed for
1,0.3087152373,is necessary for
1,0.19972080416,is essential for
1,0.197203490652,is important for
1,0.191022412879,is also needed for
1,0.146803789411,is required for
1,0.137747837671,is necessary to build
1,0.127570250482,helps build
1,0.120524745909,is also necessary for
1,0.0940681656966,is needed to form
2,0.0134849365951,is vital for
2,0.00787647484636,is vital to
2,0.00743692356138,is an essential nutrient for
2,0.00615289532755,is also essential for
2,0.00594996006567,is essential to
2,0.00580292097769,also aids in
2,0.00564176748796,is necessary to
2,0.00560162104656,is critical to
2,0.00534434782281,is considered essential for
2,0.00490617639486,is the elixir of
3,0.000161664709,is crucial to
3,0.000139104989606,is the foundation of
3,0.000130867624934,was the key to
3,0.000116284946897,is so vital to
3,0.000113829188757,is absolutely essential for
3,0.00011312105611,is the fluid of
3,0.000111110172427,is not only essential for
3,0.000110578503924,is a vital ingredient to
3,0.000109122342469,is basic to
3,0.000104845723234,is the key to
4,2.1885650269e-06,is key to
4,1.64704872706e-06,is a key to
4,1.33258899592e-06,is the key for
4,1.33236911791e-06,is paramount to
4,1.06399190584e-06,is a prerequisite to
4,1.03468164e-06,is the foundation for
4,1.00900213787e-06,is fundamental to
4,8.43936072669e-07,is the building block for
4,8.42556800905e-07,is my ticket to
4,8.2542680151e-07,is our key to
5,2.21362316557e-08,leads to
5,2.01616904901e-08,is also paramount to
5,1.90703391873e-08,is a key component of
5,1.89183809741e-08,is a key factor to
15,8.41113647094e-29,is in
5,1.84311745115e-08,is an important key to
5,1.80802538831e-08,is often the key to
5,1.75022531045e-08,has been the key to
5,1.73080961657e-08,is a key factor for
5,1.43174457523e-08,is key for
5,1.35608743583e-08,is the biggest key to
6,1.57526670662e-10,is another key to
6,1.31018571886e-10,can be the key to
6,1.18947213277e-10,is the secret to
6,1.15531243869e-10,is a critical factor of
6,1.04007318125e-10,is the first step to
6,1.01559006983e-10,is an important ingredient for
6,8.96790870774e-11,is the companion of
6,8.77773445094e-11,grows with
6,8.21836675755e-11,is the cornerstone of
6,8.20871751092e-11,will be your key to
7,1.01128216941e-12,is the cornerstone for
7,8.02863655892e-13,is always the key to
7,7.88999103707e-13,is an important tool for
7,7.64473356628e-13,is the way to
7,7.58838709864e-13,is an integral part of
7,7.20943390604e-13,is the pathway to
7,6.48796456184e-13,is crucial for
7,6.39750284102e-13,is the mother of
7,6.39594458487e-13,is an important part of
7,6.2046088501e-13,is a major tool for
8,4.89266592992e-15,is the bread of
8,4.81819069884e-15,is one key to
8,4.60686404461e-15,is a primary feature of
8,4.34900285841e-15,is the tree of
8,4.27762294999e-15,is the fountain of
8,3.97568501965e-15,was the giver of
8,3.59487182328e-15,is an important aspect of
8,3.3060255197e-15,is integral to
8,3.29856151597e-15,is the practice of
8,3.27670631677e-15,is an important component of
9,5.787894486e-17,is the source of
9,5.66679780428e-17,came to give
9,5.39313250245e-17,is our bread of
9,4.91721513823e-17,came back to
9,4.90823015021e-17,is the essence of
9,4.49026377921e-17,is the center of
9,4.10799153225e-17,is the Lord of
9,3.99555537042e-17,is our source of
9,3.32946147281e-17,is the goal of
9,3.26949894182e-17,is the Life of
10,6.80073762826e-19,is the energy of
10,6.42546820817e-19,is the ultimate source of
10,5.08575120361e-19,is the fragrance of
10,5.02841814035e-19,is the force of
10,4.87721690869e-19,is the most important thing in
10,4.83696552034e-19,is the flower of
10,4.7899323307e-19,is considered the source of
10,4.60547876528e-19,is the fundamental principle of
10,4.544192269e-19,is the very source of
10,4.44903523587e-19,is the law of
11,6.87779144692e-21,is the energy associated with
11,5.44428634212e-21,is the principle of
11,5.09851081875e-21,is energy of
11,4.02634766195e-21,is the element of
11,3.86990451926e-21,is the patch of
11,3.70540100224e-21,is the tank of
11,3.70526168797e-21,is the motor of
11,3.53664748343e-21,is the conduct of
11,3.47986058273e-21,is the scar of
11,3.47813640743e-21,is the historian of
12,5.54546871053e-23,is the planet of
12,2.90183288293e-23,is the advice of
12,2.90183288293e-23,is the beginner of
12,2.90183288293e-23,is the button of
12,2.90183288293e-23,is the defect of
12,2.90183288293e-23,is the flaw of
12,2.90183288293e-23,is the niche of
12,2.90183288293e-23,is the plot of
12,2.90183288293e-23,is the restriction of
12,2.90183288293e-23,is the submission of
13,7.08519147928e-25,is a planet of
13,4.52004222382e-25,is the Roman goddess of
13,4.29468979814e-25,is the ruler of
13,3.67725004743e-25,is the god of
13,3.20788293133e-25,is the Roman god of
13,2.82644203745e-25,stands for
13,2.65327332139e-25,is the symbol of
13,2.3812960441e-25,is about
13,2.27326148661e-25,represents the principles of
13,2.26457557977e-25,is also the ruler of
14,8.66558377875e-27,is the ruling planet of
14,5.92882982866e-27,is the planetary ruler of
14,3.8171807513e-27,was the goddess of
14,3.51929534586e-27,is the natural ruler of
14,3.51690842712e-27,is the exoteric ruler of
14,3.47641660072e-27,enters the sign of
14,3.3197154609e-27,is retrograde in
14,3.2982947755e-27,also rules
14,3.23898129943e-27,is dignified in
14,2.56080840829e-27,is the ring of
15,3.91554841196e-28,is the astrological ruler of
15,1.84340755574e-28,is ruler of
15,1.19257571581e-28,is also the ruling planet of
15,1.18201575175e-28,is exalted in
15,8.74382483184e-29,moves into
15,8.3237135394e-29,exalted in
15,8.14805621498e-29,is also in
15,7.93246927299e-29,too is in
15,7.88010501165e-29,travels through
16,5.11000706714e-30,is Exalted in
16,1.85917223716e-30,will enter the sign of
16,1.62818210048e-30,is ruled by
16,1.2000241357e-30,is the House of
16,1.18487939017e-30,continues in
16,9.48575043058e-31,is the Gate of
16,8.99480218652e-31,is the hierarchical ruler of
16,8.99204302479e-31,is also quite common in
16,8.89866265143e-31,is the only planet in
16,8.85716959131e-31,will move into
17,1.68635077152e-32,ruled by
17,1.47685131174e-32,is infinite in
17,1.38485630419e-32,is a God of
17,1.36800081787e-32,has made its way into
17,1.12234330592e-32,is the esoteric ruler of
17,1.08853322888e-32,does not desire
17,1.08853322888e-32,is mighty in
17,1.08786237191e-32,created all things by
17,1.08786237191e-32,has changing
17,1.08631129361e-32,is great in
18,2.28168493643e-34,is perfect in
18,2.08687580065e-34,is the God of
18,1.40322385268e-34,is also a God of
18,1.37164667168e-34,is the embodiment of
18,1.10216192268e-34,calls His people to
18,1.09599981816e-34,is the Author of
18,1.07217098649e-34,is still a God of
18,1.03784446989e-34,is the standard of
18,1.0190381402e-34,IS about
18,1.01746358754e-34,is not looking for
19,3.05038199784e-36,is called the God of
19,2.93590162572e-36,is not only a God of
19,2.64677151375e-36,is truly a God of
19,2.6132329574e-36,is the fullness of
19,1.94622164846e-36,creates out of
19,1.9353491031e-36,is poor in
19,1.7583845259e-36,never runs out of
19,1.7110607525e-36,is an embodiment of
19,1.68722861333e-36,did this out of
19,1.65322233239e-36,is so full of
20,3.01813995278e-38,is the Source of
20,2.88315793808e-38,rest in
20,2.34800331134e-38,is the Giver of
20,2.08014798673e-38,will bless HIS PEOPLE with
20,1.8766568796e-38,is the Spirit of
20,1.79196797636e-38,is the Father of
20,1.7331968552e-38,was bringing
20,1.72567412725e-38,will grant
20,1.72133844553e-38,can only bring
20,1.65200615978e-38,pleads for
21,2.98928754181e-40,is called the Spirit of
21,1.59634808638e-40,is the Principle of
21,1.58623952246e-40,alone is the Lord of
21,1.58623952246e-40,is my fountain of
21,1.46984412646e-40,opens the book of
21,1.39092633854e-40,alone is
21,1.34244212155e-40,always responds to
21,1.25984520315e-40,is the owner of
21,1.13321248025e-40,is only a matter of
21,1.13159707155e-40,is the Administrator of
22,1.28065747564e-42,draws people to
22,9.40602229398e-43,is the power of
22,8.86219939007e-43,is the voice for
22,8.23335184323e-43,is fully
22,7.92545152e-43,is also given by
22,7.85933925183e-43,is writing a biography of
22,7.83680746498e-43,has the attributes of
22,7.7967815939e-43,exalts
22,7.69270661125e-43,will always point to
22,7.51718234745e-43,always glorifies
23,1.41251446743e-44,is the Lamb of
23,1.39765718003e-44,is the only begotten Son of
23,1.37926605583e-44,is the eternal Son of
23,1.37830392154e-44,was not the Son of
23,1.25852092409e-44,bears witness to
23,1.19602814955e-44,is the divine Son of
23,1.18513620051e-44,is the Word of
23,1.10923947346e-44,is the only way to
23,1.08094262727e-44,is a gift from
24,3.71222199205e-46,is the Son of
23,1.05052485987e-44,claimed to be the Son of
24,2.79978713239e-46,was the Son of
24,2.58620662511e-46,is the only-begotten Son of
24,2.1492710521e-46,prayed to
24,1.9425254332e-46,was sent by
24,1.87865475343e-46,is the perfect image of
24,1.8538063971e-46,was obedient to
24,1.75903053666e-46,is the only Son of
24,1.75372261433e-46,is the living Word of
24,1.64306278162e-46,is one with
25,3.32545363769e-48,is called the Son of
25,2.88604854453e-48,was not the son of
25,2.46033510896e-48,is the first born son of
25,1.70256332895e-48,is there as
25,1.69693517139e-48,was a Son of
25,1.52597780377e-48,was adopted by
25,1.46196429202e-48,becomes incarnate in
25,1.43939916708e-48,was the firstborn son of
25,1.41831532642e-48,was the incarnation of
25,1.41623782874e-48,was fostered by
26,1.56966143171e-50,was the son of
26,1.22962258621e-50,is called the son of
26,1.10009069074e-50,was called the son of
26,1.04960476003e-50,is the head of
26,1.03882729833e-50,sinned against
26,9.85692577959e-51,was a descendant of
26,9.250427432e-51,calls out to
26,9.18578947215e-51,complained to
26,8.9375845682e-51,must become one with
26,8.33050682092e-51,is called a son of
27,1.34069331603e-52,is son of
27,1.3340768606e-52,is not the son of
27,1.22517296949e-52,was son of
27,1.01866190665e-52,was the son-in-law of
27,8.77081150812e-53,was a son of
27,7.47668161564e-53,is said to be the son of
27,7.41808728122e-53,was another son of
27,6.3268522984e-53,trained to be
27,6.12847429618e-53,is your way to
27,6.09674383008e-53,was a manifestation of
28,5.37360743699e-55,was a great servant of
28,5.0580355645e-55,was also a descendant of
28,4.6945065591e-55,did lie to
28,4.14289771455e-55,was the youngest son of
28,4.10869927622e-55,held his own against
28,3.83394672035e-55,speaks of
28,3.79641421056e-55,spoke well of
28,3.79641421056e-55,was fighting against
28,3.79327208573e-55,was called of
28,3.77800391851e-55,makes a request of
29,3.83336228893e-57,was the seventh son of
29,2.61562288045e-57,was a direct descendant of
29,2.6130153335e-57,cried out to
29,2.59754164924e-57,was the eighth son of
29,2.48582371438e-57,was afraid to look at
29,2.4505569973e-57,was a great man of
29,2.4163822741e-57,said unto
29,2.3775480191e-57,is the favorite son of
29,2.21290330404e-57,was the sixth child born to
29,2.18425030925e-57,was a mighty man of
30,3.12064415284e-59,had a heart for
30,2.9148926188e-59,had faith in
30,2.78178234517e-59,obeyed
30,2.7096787566e-59,put his trust in
30,2.56953904184e-59,is praying to
30,2.55258223555e-59,inquired of
30,2.44014082852e-59,found refuge in
30,2.31325242781e-59,was justified by
30,2.30734927273e-59,was beloved of
30,2.2336209483e-59,drew close to
31,5.7100744963e-61,believed in
31,5.6736941038e-61,built an altar to
31,4.70000908596e-61,trusted in
31,3.54782394663e-61,enquired of
31,3.52442602523e-61,put his faith in
31,3.4747670031e-61,was a man of
31,3.23597629371e-61,believed on
31,3.1289957265e-61,was truly a man of
31,3.03378154836e-61,is called the friend of
31,3.01169204133e-61,had prayed to
32,5.77525920822e-63,waited on
32,5.60503922104e-63,remained faithful to
32,4.70904267809e-63,was also a man of
32,4.5037666597e-63,stayed close to
32,4.19352603413e-63,was faithful to
32,3.81677934646e-63,was a gift from
32,3.8130814794e-63,said to
32,3.20314595636e-63,danced before
32,3.12368490161e-63,heard the word of
32,3.12368490161e-63,was completely devoted to
33,7.76491396447e-65,made a covenant with
33,6.06568127817e-65,never gave up on
33,5.9457982803e-65,appeared to
33,5.46322559882e-65,promised to
33,5.13363341328e-65,declared to
33,4.75317425338e-65,spoke to
33,4.59906606283e-65,had not forgotten
33,4.5512729074e-65,gave to
33,4.22467887979e-65,had a plan for
33,4.03411807425e-65,had said to
34,1.66436047745e-66,did not say to
34,1.62496155451e-66,also said to
34,1.59240470019e-66,spoke directly to
34,1.52466092783e-66,is speaking to
34,1.334010645e-66,gave the Law to
34,1.17664347691e-66,is saying to
34,1.1049333621e-66,revealed to
34,1.10375257768e-66,replied to
34,1.04792469047e-66,called out to
34,1.04638209628e-66,therefore said to
35,2.56633772495e-68,says to
35,1.82385263642e-68,then said to
35,1.42607310443e-68,further said to
35,1.34772095645e-68,lied to
35,1.30576655123e-68,visited the home of
35,1.24839347479e-68,deceived
35,1.19036136116e-68,again spoke to
35,1.15833569109e-68,speaks to
35,1.07722688452e-68,came to
35,1.04200531653e-68,loved
36,1.5717885774e-70,became the father of
36,1.48810646241e-70,came to meet
36,1.48810646241e-70,was a dear friend of
36,1.48583383477e-70,has a job for
36,1.47982487925e-70,appears to
36,1.47536930562e-70,is writing to
36,1.47230563098e-70,keeps working on
36,1.46495811781e-70,has cooked for
36,1.45356498576e-70,opened her home to
36,1.43806092135e-70,was so close to
37,1.52513766725e-72,was the father of
37,1.4787197178e-72,is the father of
37,1.1702614557e-72,fathered
37,1.11643609748e-72,first appeared to
37,1.1140927767e-72,was married to
37,9.76657787952e-73,appears first to
37,8.08120896665e-73,was writing for
37,8.03331621871e-73,is the ancestor of
37,7.81356521102e-73,begat
37,7.57172578789e-73,appeared unto
38,1.07205004668e-74,was also the father of
38,1.06506816462e-74,begot
38,9.98979843334e-75,was also the ancestor of
38,9.29610906949e-75,is called the father of
38,8.62687478679e-75,conceived
38,8.51893434557e-75,had an influence on
38,6.58489160886e-75,became the 'ab of
38,6.02396439123e-75,never thought of
38,5.51105970864e-75,will be the father of
38,5.45494449494e-75,is the inspiration behind
39,4.34812052541e-77,is a slightly smaller version of
39,3.97941827918e-77,yielded to
39,3.62935476867e-77,is King of
39,3.60804974757e-77,was the King of
39,3.22346582521e-77,is aspected by
39,3.22160545144e-77,has a similar appearance to
39,3.21965465144e-77,is much like
39,3.21236623634e-77,appears like
39,3.20936822268e-77,is nearly as large as
39,3.18695692042e-77,is almost as large as
40,4.84045353739e-79,was the fifth king of
40,3.99732986388e-79,becomes King of
40,3.96814913554e-79,will be the King of
40,3.56432956233e-79,was the fourth king of
40,3.50347255703e-79,is indeed the King of
40,3.45189327586e-79,was speaking to
40,3.13950876697e-79,was rejected by
40,2.971556962e-79,was called the King of
40,2.7466077438e-79,really was the king of
40,2.70143470683e-79,was teaching
41,3.21839162248e-81,was a king of
41,2.20316956942e-81,was crowned King of
41,2.19006328741e-81,was the third king of
41,1.79460423968e-81,was talking to
41,1.58709426282e-81,becomes king in
41,1.53080101584e-81,was king over
41,1.46212184906e-81,is made King of
41,1.41513833049e-81,was descended from
41,1.41263091557e-81,becomes new king of
41,1.39317701687e-81,pleaded with
42,3.51994435194e-83,was king of
42,3.19720632468e-83,becomes king of
42,2.89265691409e-83,became the king of
42,2.65729958485e-83,was the second king of
42,2.53769311042e-83,became king of
42,2.03252924691e-83,was the legendary king of
42,1.87294572614e-83,was King of
42,1.66452106816e-83,became the next king of
42,1.60712664265e-83,becomes the king of
42,1.59809885492e-83,was the great king of
43,3.78341273817e-85,was the king of
43,3.771383493e-85,was the first king of
43,3.65656395925e-85,ruled in
43,2.72875930466e-85,is now the king of
43,2.55391491604e-85,did go back to
43,2.48432365137e-85,is the king of
43,2.37697615865e-85,took the throne of
43,2.33023907069e-85,became the ruler of
43,2.32243894261e-85,thus became the king of
43,2.31467496032e-85,was a famous king of
44,3.29218702989e-87,became the first king of
44,1.93761535068e-87,returns to
44,1.83076574825e-87,did much for
44,1.80549769579e-87,was the emperor of
44,1.77910699073e-87,returned home to
44,1.67438037664e-87,should be the king of
44,1.66548247129e-87,set sail for
44,1.48534096645e-87,is conveyed to
44,1.48284641949e-87,is able to return to
44,1.47969195083e-87,was also king of
45,2.21584456895e-89,was the founder of
45,2.07834844516e-89,was the first King of
45,1.82389136593e-89,founded the city of
45,1.76210004309e-89,was the legendary founder of
45,1.43848939549e-89,claimed the island for
45,1.2803978932e-89,established the city of
45,1.28016778103e-89,was the first ruler of
45,1.26356299708e-89,left the city of
45,1.25761687853e-89,is crowned king of
45,1.24748351492e-89,returned to
46,1.48070696254e-91,founded
46,1.31945343806e-91,was founder of
46,1.18913773151e-91,was the first pharaoh of
46,8.94783423083e-92,comments about
46,8.79607853901e-92,was the chief god of
46,8.19023504701e-92,became ruler of
46,8.03879226747e-92,plays a similar role in
46,7.40674775578e-92,is not the God of
46,6.87735434772e-92,was the mythical founder of
46,6.49824350116e-92,is considered to be the founder of
47,7.09907600757e-94,is the central figure of
47,6.10122404796e-94,is the focal point of
47,5.28061014546e-94,was not the originator of
47,5.26605274279e-94,is the very center of
47,5.23509115163e-94,is the central figure in
47,5.17262698541e-94,is the founder of
47,5.1433625002e-94,is the pattern for
47,4.86623907734e-94,was the model for
47,4.75864069352e-94,created
47,4.72763681919e-94,is the message of
48,8.75722609241e-96,was not the founder of
48,7.72213400184e-96,was the foundation for
48,7.49533841991e-96,never talked about
48,7.33313444961e-96,is the reason for
48,6.82642443529e-96,did not found
48,5.39242822367e-96,truly is the heart of
48,5.37060998605e-96,is the Messiah of
48,5.21244045124e-96,did not come to start
48,4.9635416638e-96,belongs only to
48,4.59942537587e-96,may have been the founder of
49,4.70978064239e-98,is the King of
49,4.26146847208e-98,is considered the founder of
49,3.89605479165e-98,did not start
49,3.38852591885e-98,is only sent to
49,3.33367511631e-98,was the principal author of
49,3.03772529207e-98,never started
49,2.95087221647e-98,was not the creator of
49,2.88319081182e-98,did not come to establish
49,2.88319081182e-98,did not intend to create
49,2.7826764585e-98,did not teach
50,3.16356340986e-100,is the Prince of
50,2.88906078535e-100,is called the Prince of
50,2.41823100006e-100,remains the undisputed King of
50,2.17373034868e-100,is king of
50,1.86794507406e-100,sets up
50,1.73007082124e-100,has been called the king of
50,1.72237751939e-100,was a Messenger of
50,1.70198307329e-100,is considered the King of
50,1.70198307329e-100,is often called the King of
50,1.66442762419e-100,became the new King of
51,2.62576440265e-102,is called the King of
51,2.54068657133e-102,is our King of
51,8.40249393088e-103,is a Body of
51,8.40249393088e-103,is our Tree of
51,8.40249393088e-103,is the Meaning of
51,7.65023627936e-103,has brought
51,7.26687849606e-103,can speak
51,6.76067047127e-103,Is The Origin of
51,6.62387435805e-103,Has The Breath of
51,6.62387435805e-103,is our Bread of
52,6.4380612037e-105,is called the KING of
52,4.72153073926e-105,is the Rock of
52,4.68783796211e-105,Becomes the King of
53,6.49227105105e-107,took the initiative in
53,5.52401646803e-107,did n't write
53,4.6897266628e-107,is sovereign in
53,4.68350411555e-107,alone is the cause of
53,4.68350411555e-107,established the concept of
53,4.68350411555e-107,offers the gift of
53,4.66799361656e-107,fulfills the promise of
53,4.66799361656e-107,is the Originator of
53,4.64875949754e-107,continues the work of
53,4.63700914442e-107,chooses to
54,1.87500152883e-109,is the star of
54,1.84302507802e-109,does not intervene in
54,1.74318619579e-109,is not mentioned in
54,1.6847870645e-109,is represented only by
54,1.65182711441e-109,taught through
54,1.64784106857e-109,comes along in
54,1.64522807151e-109,spoke these words in
54,1.61574149672e-109,will fulfill
54,1.61080936947e-109,is foretold in
54,1.60882156474e-109,does the same thing in
55,6.48505806259e-112,is staying in
55,6.39199660564e-112,is never mentioned in
55,6.00084034621e-112,does not appear anywhere in
55,5.76347287126e-112,is not mentioned anywhere in
55,5.61811177054e-112,is bringing sexy back to
55,5.59136642976e-112,tried out for
55,5.34726773234e-112,is ready to take on
55,5.28209765156e-112,becomes
55,4.99090667254e-112,took a step closer to
55,4.80354856768e-112,is mentioned in
56,5.36126538113e-114,is not mentioned once in
56,3.05480286365e-114,is not even mentioned in
56,2.19692336512e-114,IS mentioned in
56,2.04762879262e-114,is n't mentioned in
56,1.99745791539e-114,also believes in
56,1.94766169225e-114,is not taught in
56,1.80094196648e-114,founded on
56,1.66008166027e-114,is taught in
56,1.63395437013e-114,is found all throughout
56,1.55368045959e-114,is n't even mentioned in
57,1.44806100669e-116,is widely taught in
57,1.37679043748e-116,is a mandatory subject in
57,1.2724213071e-116,is not to be found in
57,1.26208056089e-116,is a right guaranteed by
57,1.2514347415e-116,really has nothing to do with
57,1.02703262282e-116,is also taught at
57,1.02476614546e-116,is now taught in
57,1.02476614546e-116,is the main language used in
57,1.00328341442e-116,does not appear in
57,9.99673244115e-117,is the most popular language in
58,4.17004063373e-119,is a lack of
58,4.07446543087e-119,is not the absence of
58,4.06584940206e-119,is not an absence of
58,3.93627228299e-119,is not a lack of
58,3.5670678782e-119,is not the opposite of
58,3.47989493325e-119,can not be found in
58,3.43006346542e-119,is the lack of
58,3.32781151143e-119,should be paid for by
58,3.32103234799e-119,is not an alternative to
58,3.29956085519e-119,must be regulated by
59,2.68703968086e-120,is not absence of
59,1.93045013651e-120,is the absence of
59,1.6566424763e-120,is an absence of
59,1.49039659497e-120,is not the lack of
59,1.14297547907e-120,does not mean the absence of
59,1.14284236121e-120,is not simply the absence of
59,1.13960947661e-120,is not merely the absence of
59,1.0110545267e-120,is the opposite of
59,9.33696575498e-121,is not the mere absence of
59,9.12327449655e-121,is not only the absence of
60,7.93542846648e-122,is not just the absence of
60,5.09422189283e-122,is absence of
60,4.50282247946e-122,is the absense of
60,3.56157230374e-122,is not only absence of
60,3.10440806915e-122,is merely the absence of
60,2.80285206954e-122,is simply a lack of
60,2.66443691464e-122,is not just an absence of
60,2.4886793309e-122,is not the cessation of
60,2.46920931031e-122,cannot be achieved through
60,2.41635316126e-122,is just lack of
61,5.04666883773e-124,is an end to
61,4.03648179516e-124,is separation from
61,3.97690893415e-124,does not mean absence of
61,3.78583222417e-124,Is the Absence of
61,3.58597928725e-124,can be about
61,3.34418475412e-124,comes instead of
61,3.03336971354e-124,is only the absence of
61,2.78037036762e-124,is a call for
61,2.64266079276e-124,was only a preparation for
61,2.57208205256e-124,is not the end of
62,2.68603543956e-126,is not of
62,2.29769434072e-126,is n't a problem for
62,2.1062771743e-126,is rebellion against
62,2.02527926507e-126,is an offense against
62,1.84787760183e-126,is an offence against
62,1.73971651091e-126,is to be separated from
62,1.71594339984e-126,is forsaking
62,1.64434167474e-126,is not the will of
62,1.64434167474e-126,is the foe of
62,1.6363104425e-126,could not hold
63,3.59604820616e-128,is not from
63,1.86159397315e-128,does n't come from
63,1.80661949853e-128,comes not from
63,1.35686373312e-128,is not by
63,1.30798673189e-128,is not based on
63,1.21278999377e-128,is not trusting
63,1.11037103585e-128,does not come from
63,1.0508275236e-128,cannot be obtained through
63,1.04563255686e-128,must be earned through
63,1.0447499858e-128,is not be
64,1.91487056077e-130,mean submission to
64,1.71934322283e-130,is simply the absence of
64,1.61452667052e-130,was not created by
64,1.55576496939e-130,is submission to
64,1.46823088156e-130,is not the nature of
64,1.45785080029e-130,does not originate from
64,1.44925785277e-130,never comes from
64,1.44636735179e-130,does not originate with
64,1.44578200072e-130,means surrender to
64,1.3947916064e-130,does not proceed from
65,5.92844795317e-133,is destructive of
65,5.92737106826e-133,can be defeated by
65,5.89243361888e-133,eats away at
65,5.88068133816e-133,has never killed
65,5.88068133816e-133,must be overcome by
65,5.85366436194e-133,is parasitic on
65,5.85366436194e-133,will surrender to
65,5.84562088307e-133,is a limitation of
65,5.84562088307e-133,is not just the opposite of
65,5.84562088307e-133,is the limiting factor in
66,3.15279070438e-135,will erode
66,1.63581245836e-135,is a fall of
66,1.604682589e-135,is a characteristic of
66,1.59664382269e-135,is a pointer of
66,1.58990990078e-135,destroys the value of
66,1.57587872482e-135,plays tricks on
66,1.5629092377e-135,recognises only
66,1.56190702143e-135,is gone with
66,1.55128716371e-135,lost the popular vote to
66,1.55128716371e-135,was not better than
67,8.65578724696e-138,erodes the value of
67,8.45017443409e-138,lowers the value of
67,8.20693364844e-138,is a quality of
67,6.9581046287e-138,comes from inside
67,6.80083862587e-138,gives confidence to
67,6.7060528178e-138,will be
67,6.50939860458e-138,encompasses all of
67,6.04624081519e-138,reduces the demand for
67,5.96778057849e-138,reduces the value of
67,5.92072183785e-138,was always fond of
68,3.53362841376e-140,is another kind of
68,3.22487060802e-140,is fullness of
68,3.12234500678e-140,need time to be
68,2.97542660893e-140,is a property of
68,2.79907243e-140,gives meaning to
68,2.38662733432e-140,is more valuable than
68,2.37687863076e-140,is ordered
68,2.33677725891e-140,is merely
68,2.31797829143e-140,is permeating
68,2.30853617806e-140,was a struggle for
69,1.3969203302e-142,is the amount of
69,1.33740922371e-142,is not all about
69,1.32443947403e-142,is frequency of
69,1.2700681826e-142,is the perception of
69,1.19962207845e-142,is n't just about making
69,1.19775251208e-142,is more than making
69,1.19691861662e-142,isnt about
69,1.17311357631e-142,defines the meaning of
69,1.14083343295e-142,was designed to carry
69,1.10509853085e-142,is n't always about
70,1.06320429721e-144,is the ultimate expression of
70,7.36659036523e-145,is a unit of
70,7.14925697587e-145,is the proportion of
70,6.87697782766e-145,is not a test of
70,6.41030842588e-145,is simply a measure of
70,6.08352693294e-145,should be an expression of
70,6.00472850012e-145,is often confused with
70,5.75741475095e-145,is a wonderful part of
70,5.73843117181e-145,is a measure of
70,5.71763377733e-145,is one step away from
71,1.27553666896e-146,is a metric unit of
71,1.08499522865e-146,is the standard unit of
71,7.27199655774e-147,is a basic unit of
71,6.40450953548e-147,is a measurement of
71,4.30055536217e-147,is measurement of
71,4.27104043173e-147,is a standard unit of
71,3.66116242025e-147,is the measurement of
71,3.59482396138e-147,is a way of measuring
71,3.47148308356e-147,is the unit of
71,3.46746755331e-147,is an English unit of
72,8.17269545605e-149,is the basic unit of
72,7.92674444485e-149,is actually a measurement of
72,4.3251306973e-149,is the metric unit of
72,3.76423349692e-149,is actually a measure of
72,3.72163785207e-149,is the SI unit of
72,2.90844004438e-149,is a very small unit of
72,2.75107544699e-149,is the standard measurement of
72,2.49517098485e-149,is a small unit of
72,2.41851705074e-149,is a very small amount of
72,2.34757892753e-149,are units of
73,4.091662244e-151,is the basic building block of
73,2.53474591339e-151,is a complete unit of
73,2.51523936374e-151,is the smallest amount of
73,2.40328048545e-151,is the smallest indivisible unit of
73,2.3780932656e-151,is the basic component of
73,2.33846220169e-151,is basic unit of
73,2.28471713141e-151,is the fundamental unit of
73,2.10970142575e-151,is a tiny bit of
73,2.08485113071e-151,is the smallest unit of
73,1.68568587843e-151,was also the fundamental unit of
74,3.55689995868e-153,is a fundamental unit of
74,2.44144181747e-153,is the smallest possible unit of
74,1.8950835756e-153,is a building block of
74,1.81744431634e-153,is a basic building block for
74,1.59267169308e-153,is foundation of
74,1.51701082472e-153,is a single unit of
74,1.38115676827e-153,is a logical unit of
74,1.3549872495e-153,is the most basic unit of
74,1.30082809071e-153,is the smallest piece of
74,1.29912746812e-153,is a major component of
75,1.85220014756e-155,is the smallest particle of
75,1.63625917405e-155,is needed to make
75,9.94654710945e-156,alone does not result in
75,9.89458855261e-156,is a precursor of
75,9.86646427987e-156,is a molecule of
75,9.5911496373e-156,is the smallest part of
75,9.23387025438e-156,is a precursor for
75,9.19267396398e-156,is a bad measure of
75,9.01134304898e-156,has skyrocketed in
75,8.15889977486e-156,is a very important component of
76,3.20787549347e-157,is a precursor to
76,2.02565824926e-157,is the precursor of
76,1.87868498384e-157,is the precursor for
76,1.6985124241e-157,is the precursor to
76,1.68338090708e-157,is also a precursor to
76,1.29419114797e-157,is the immediate precursor of
76,9.83438538457e-158,is also the precursor for
76,9.79748294974e-158,is also a precursor for
76,9.78685142753e-158,is also a precursor of
76,7.5683513632e-158,is the immediate precursor to
77,2.6252447732e-159,enhances the production of
77,2.6060221398e-159,is a major precursor of
77,2.56529984212e-159,raises levels of
77,2.43277801306e-159,increases levels of
77,2.08725252239e-159,is transformed into
77,1.60199010583e-159,is a component of
77,1.43147557487e-159,is the direct precursor of
77,1.34907855466e-159,is a predecessor of
77,1.3088719718e-159,is then converted into
77,1.23523912155e-159,can convert to
78,3.16400029275e-161,causes the release of
78,2.62415314649e-161,triggers the production of
78,2.18637938592e-161,increases the production of
78,1.75647096509e-161,involves the release of
78,1.73067857453e-161,induces the release of
78,1.70789403771e-161,can cause elevated levels of
78,1.23952358754e-161,stimulates the release of
78,1.23052415882e-161,can stimulate the release of
78,1.19997973415e-161,increases production of
78,1.15868374008e-161,causes a surge in
79,3.33391536282e-163,triggers the release of
79,3.18731170186e-163,also triggers the release of
79,2.92965339719e-163,also increases the release of
79,2.37851702702e-163,causes a release of
79,2.33310614465e-163,stimulates the production of
79,2.24148675046e-163,also stimulates the release of
79,1.78156271184e-163,causes increased production of
79,1.58303439449e-163,helps release
79,1.56777264601e-163,prompts the release of
79,1.51415563683e-163,also promotes the release of
80,2.70620016271e-165,also causes the release of
80,2.01917765232e-165,also stimulates the production of
80,1.87215894407e-165,promotes production of
80,1.73343763512e-165,promotes the production of
80,1.69597165196e-165,triggers the generation of
80,1.57075520155e-165,increases the levels of
80,1.35338436054e-165,also stimulates the secretion of
80,1.29381349206e-165,produces lots of
80,1.13716846782e-165,stirs up a lot of
80,1.02031550427e-165,also creates
81,8.60010425343e-168,is a great way to increase
81,8.43020006377e-168,stimulates the flow of
81,8.26791147607e-168,increases the flow of
81,6.85233519204e-168,affects the levels of
81,5.02393264201e-168,boosts the production of
81,5.01752327002e-168,is also known to increase
81,4.98221193844e-168,also boosts levels of
81,4.88254639323e-168,also increases levels of
81,4.54851540695e-168,will also increase
81,4.53517454589e-168,can have a dramatic effect on
82,4.00189312932e-170,improves circulation of
82,2.95591783652e-170,can increase the flow of
82,2.92070823327e-170,increases the circulation of
82,2.90726615221e-170,regulates the flow of
82,2.84143617547e-170,promotes the flow of
82,2.68502820203e-170,increases the secretion of
82,2.56958133924e-170,stimulates the secretion of
82,2.16366960933e-170,involves the manipulation of
82,2.14621349137e-170,helps with
82,2.11454809335e-170,helps to balance
83,6.79023040425e-173,has the authority to regulate
83,6.76229722323e-173,can increase the amount of
83,6.06017080653e-173,utilizes the concept of
83,4.97264211928e-173,had exclusive jurisdiction over
83,4.83882984932e-173,may increase
84,4.05844585735e-175,is a key determinant of
84,3.4227028859e-175,is a partial list of
84,2.41375625846e-175,is also known to cause
84,2.09423778686e-175,may increase your risk of
84,1.88678552153e-175,will increase
84,1.76656856237e-175,can increase
84,1.29070317954e-175,may cause
85,5.24187375226e-177,may cause damage of
85,4.62261153536e-177,may also elevate the levels of
85,2.98518109058e-177,is another type of
85,2.19890709816e-177,is an increase in
86,6.69153108953e-179,damages the lining of
86,4.49438133621e-179,puts a strain on
86,3.95963091407e-179,can also damage
86,2.74777230226e-179,is one common cause of
86,2.69166030263e-179,is the next most common form of
86,2.63157409592e-179,is common form of
86,2.43356617005e-179,is the second most common form of
86,2.42503226164e-179,is a particular form of
86,2.33441014532e-179,is a frequent cause of
86,2.30672003917e-179,is a common type of
87,6.28923043217e-181,is the second most common type of
87,2.95538812591e-181,is the third most common form of
87,2.70551331953e-181,is the next most common type of
87,2.21133032748e-181,is another common form of
87,1.75519419372e-181,is basically
87,1.61249345398e-181,is a chronic form of
87,1.60487849279e-181,are the two most common types of
87,1.59709653463e-181,is another common type of
87,1.58783000857e-181,is the most devastating form of
87,1.5730415358e-181,is a more severe form of
88,1.81313969787e-183,is a very rare form of
88,1.75737198638e-183,causes attacks of
88,1.66881783887e-183,is a relatively rare form of
88,1.47982207007e-183,is a deadly form of
88,1.30812944667e-183,is another form of
88,1.28562576574e-183,is the most common form of
88,1.09367385247e-183,is the second leading cause of
88,7.00020566882e-184,is a type of
89,7.68528125343e-185,is a rare form of
89,5.36450815162e-185,is an aggressive form of
89,4.18189656603e-185,is an uncommon form of
89,3.78735410069e-185,is a form of
89,3.56927435879e-185,is a very serious type of
89,3.56886791163e-185,is a very serious form of
89,3.38515618781e-185,is a very aggressive form of
89,3.34277372976e-185,is a rare type of
89,3.25587702713e-185,is a devastating form of
89,2.6773674614e-185,is an aggressive type of
90,1.03898587763e-186,is an uncommon type of
90,6.02734724169e-187,is a particularly nasty form of
90,4.86188970648e-187,is the most aggressive form of
90,4.29512159002e-187,is not a case of
90,4.28463517165e-187,is an advanced form of
90,4.24937206855e-187,is also well known as
90,3.8114490761e-187,is a syndrome of
90,3.80576116211e-187,is a fairly rare form of
90,3.07279779371e-187,is a variety of
90,3.07064063053e-187,is not a form of
91,2.46244502783e-189,is a Chinese herbal remedy for
91,2.29729075411e-189,is the most lethal form of
91,2.13490989961e-189,is the most dangerous form of
91,2.02501861603e-189,is the most serious form of
91,2.01616281941e-189,is no cure for
91,2.00838420314e-189,is no test for
91,1.92459849516e-189,had an advanced case of
91,1.91620307385e-189,is the most common cause of
91,1.49817723862e-189,has been talked about
91,1.47725846806e-189,is totally unrelated to
92,1.77725744306e-191,is a serious type of
92,1.76163544862e-191,is the most deadly form of
92,1.72041691881e-191,is the most dangerous type of
92,1.70901298968e-191,is the deadliest form of
92,1.64990610933e-191,is the most serious type of
92,1.2477161369e-191,is the rarest type of
92,1.23872606499e-191,is the third form of
92,1.22739831945e-191,is the least common type of
92,1.22441172831e-191,is the most severe type of
92,1.22325982617e-191,is the most dangerous kind of
93,2.38186337253e-193,is the most common type of
93,2.21829374358e-193,is the most severe form of
93,1.8533055215e-193,is the least common form of
93,1.78812767251e-193,is the third most common type of
93,1.77561478681e-193,is a common kind of
93,1.77561478681e-193,is a relatively common form of
93,1.6250181257e-193,is the most serious kind of
93,1.60304372828e-193,is a very common form of
93,1.36084044643e-193,is the rarest form of
93,1.28238269889e-193,is a potentially fatal form of
94,4.37711385113e-195,is the most common kind of
94,2.53318815621e-195,is the most prevalent form of
94,1.63397136758e-195,is the commonest type of
94,1.62955346536e-195,is the most widespread form of
94,1.40745472051e-195,is the more common type of
94,1.38431379988e-195,is the common form of
94,1.35950418904e-195,is the most prevalent type of
94,1.09396499263e-195,remains the second leading cause of
94,1.04626828744e-195,is a common form of
94,9.84763817188e-196,are two main types of
95,2.33482044218e-197,is now the most common form of
95,2.20556974514e-197,is the medical name for
95,1.85311019648e-197,is slightly different than
95,1.84985381579e-197,is essentially a type of
95,1.84612138976e-197,scans your computer for
95,1.8328196751e-197,is the worse form of
95,1.77003541668e-197,is commonly known as
95,1.75085760509e-197,is the little brother of
95,1.73059623364e-197,is often used interchangeably with
95,1.73059623364e-197,is simply another name for
96,3.0531304003e-199,is the medical term for
96,1.55977001654e-199,is also called
96,1.51877049349e-199,is the medical word for
96,1.41416865778e-199,is a medical term for
96,1.1921715889e-199,is another name for
96,1.17495503625e-199,is also known as
96,1.16408300128e-199,is another term for
96,1.13773870904e-199,is the term for
96,9.4842529339e-200,is abnormally
96,8.97264842707e-200,still has a place in
97,6.49966978841e-201,is the scientific term for
97,6.23349566834e-201,is the technical term for
97,4.01364371201e-201,simply means
97,3.48141877274e-201,is a condition of
97,3.25444508836e-201,is the clinical term for
97,3.19513224816e-201,is colloquially known as
97,2.83427385569e-201,is commonly referred to as
97,2.62373404588e-201,is simply the medical term for
97,2.62196192446e-201,just means
97,2.56197257404e-201,refers to
98,1.90328774722e-203,is more commonly referred to as
98,1.79238849709e-203,is the technical name for
98,1.74312641669e-203,is a fancy name for
98,1.73807300642e-203,Is a synonym for
98,1.73807300642e-203,is a condition also known as
98,1.59767682525e-203,is popularly known as
98,1.59558710374e-203,emanates from
98,1.55273883937e-203,is more commonly known as
98,1.52982784183e-203,is generally referred to as
98,1.49995201292e-203,is better known as
99,1.37525802075e-205,is often called
99,1.21474382123e-205,is also popularly known as
99,9.87558510879e-206,is the ingredient in
99,9.75445419049e-206,is known as
99,9.68033495826e-206,is the active ingredient in
99,8.31595853701e-206,is often referred to as
99,7.8042483823e-206,is the generic name for
99,7.65195131615e-206,is also commonly known as
99,7.57833278813e-206,is the scientific name for
99,6.70727446762e-206,abbreviated as
100,1.40839831168e-207,is an ingredient in
100,1.12684671703e-207,is called
100,9.65566363841e-208,is the active ingredient of
100,9.00065694072e-208,is generic for
100,8.87891214104e-208,is a compound found in
100,8.6648078357e-208,is the generic name of
100,8.11627084535e-208,has been known as
100,7.8737975669e-208,is most commonly known as
100,7.77221376834e-208,is the official name for
100,7.66636544752e-208,is an antioxidant found in
