0,1.0,Calcium,muscle function,
0,1.0,Calcium,proper nerve function,
0,1.0,Cholesterol,a healthy body,
0,1.0,Vitamin C,collagen,
0,1.0,Vitamin C,collagen synthesis,
0,1.0,Vitamin C,healthy gums,
0,1.0,Calcium,healthy bones and teeth,
0,1.0,Calcium,strong bones,
0,1.0,Calcium,strong bones and teeth,
0,1.0,Vitamin D,calcium absorption,
1,0.00387560012852,Helps,blood clots,
1,0.00387560012852,Helps,calculi,
1,0.00387560012852,Helps,calluses,
1,0.00387560012852,Helps,plaque,
1,0.00387560012852,Shiitake mushrooms,plaque,
1,0.00387560012852,chemicals,crystals,
1,0.00387560012852,laws,unions,
1,0.00387560012852,omega-3 fatty acids,inflammation mediators,
1,0.00298609856753,Aromatase inhibitors,estrogen,
1,0.00298609856753,Aromatase inhibitors,stomach acid,
2,2.6412025564e-05,Helps,PMS.,
2,2.61130317246e-05,Antibodies,diseases,
2,2.52257186095e-05,Diuretic medications,excess fluid,
2,2.52257186095e-05,Lymph nodes,infectious agents,
2,2.52257186095e-05,Sunflower seeds,calcium,
2,2.48567380714e-05,Transcription factors,DNA,
2,2.32421916128e-05,Condoms,HPV,
2,2.31897193292e-05,Antioxidants,oxygen free radicals,
2,2.20027696704e-05,Antioxidants,chronic inflammation,
2,2.06325188935e-05,Enzymes,premature aging,
3,1.71405390412e-07,Wear sunglasses,UV.,
3,1.71083377968e-07,Antioxidant properties,environmental aggressors,
3,1.71083377968e-07,Antioxidant vitamins,free-radical damage,
3,1.71083377968e-07,CD4 cells,infection,
3,1.71083377968e-07,Cranberries,bacterial infections,
3,1.71083377968e-07,Echinacea and Goldenseal,common colds,
3,1.71083377968e-07,Echinacea and Goldenseal,secondary infection,
3,1.71083377968e-07,Farmers markets,global warming,
3,1.71083377968e-07,Flat bottoms,heeling,
3,1.71083377968e-07,Lymph nodes,infection,
4,8.59349086081e-10,High levels,heart disease,
4,8.40665294985e-10,Dsl modems,line 1,
4,8.40665294985e-10,Filters,Internet Explorer 4.0+,
4,7.9638277281e-10,Helps,disease,
4,7.58795956622e-10,Medications,symptoms,
4,7.52303945081e-10,Drugs,symptoms,
4,7.37477873457e-10,Guardian angels,harm,
4,7.22042408577e-10,Medication,pain,
4,7.19326347679e-10,Drugs,the,
4,7.18484438631e-10,People,killers,
5,7.67554146181e-12,Guest logins,PCs,
5,7.67554146181e-12,Manicurists,nails,
5,7.67554146181e-12,Ringtones,Internet-enabled phones,
5,7.67554146181e-12,Small telescopes,bright objects,
5,7.67554146181e-12,Tool bars,a graphical display,
5,7.67554146181e-12,Whiteners,natural teeth,
5,7.67554146181e-12,mechanics,motors,
5,7.67554146181e-12,placebo effects,subjective symptoms,
5,7.67554146181e-12,toothpastes,natural teeth,
5,7.45094750401e-12,Home remedies,acne,
6,3.1068317273e-14,Bicycles,people,
6,2.99301483513e-14,MOVIES,people,
6,2.99301483513e-14,tasers,people,
6,2.72876939285e-14,Guns,children,
6,2.70327054691e-14,Cigarettes,people,
6,2.70019884966e-14,Books,people,
6,2.65423981769e-14,Weapons,people,
6,2.60778828286e-14,Anticonvulsants,seizures,
6,2.60764641196e-14,Heat and drought,rain,
6,2.60764641196e-14,Hospital infections,AIDS,
7,4.61418296459e-16,Blogs,people,
7,4.53615915035e-16,Gods,people,
7,4.01318223849e-16,Guns,humans,
7,4.01318223849e-16,Real men,women and children,
7,3.18467388876e-16,Couches,children,
7,3.18467388876e-16,Good men,people,
7,3.18467388876e-16,Guns,zombies,
7,3.18467388876e-16,Munitions,people,
7,3.18467388876e-16,Stun guns,criminals,
7,3.18467388876e-16,chemicals,people,
8,3.0261429072e-18,Puppies,children,
8,2.99332561009e-18,Friends,stars,
8,2.98512446417e-18,Families,people,
8,2.73868224207e-18,Communities,individuals,
8,2.70787084484e-18,Children,sponges,
8,2.70575740357e-18,Cars,women,
8,2.63023553773e-18,Women,birds,
8,2.63023553773e-18,puppies,babies,
8,2.61737165002e-18,Businesses,people,
8,2.51852508335e-18,Excuses,assholes,
9,4.47853376683e-20,Carbohydrates,sugars,
9,4.47381477573e-20,Comets,ice,
9,4.46489547907e-20,Fats,fatty acids,
9,4.38481338965e-20,Atoms,particles,
9,4.38481338965e-20,Human beings,body and soul,
9,4.21206095067e-20,Feathers,keratin,
9,4.20437295332e-20,Institutions,people,
9,4.18891476295e-20,Records,fields,
9,4.18213998834e-20,Businesses,people,
9,4.13914849767e-20,Stars,plasma,
10,6.80046015255e-22,Hydrocarbons,hydrogen and carbon atoms,
10,6.75584204144e-22,Expressions,constants,
10,6.64073564903e-22,Fructans,fructose,
10,6.61382273326e-22,Expressions,symbols,
10,6.46816634221e-22,Symbols,letters,
10,6.43810824648e-22,Plastics,petroleum products,
10,6.41650452665e-22,Tables,rows and columns,
10,6.34013597819e-22,Diamonds,carbon,
10,6.24492645944e-22,Baryons,three quarks,
10,5.89395575041e-22,Expressions,operands and operators,
11,2.52496124382e-24,Carbohydrates,simple sugars,
11,2.51029203051e-24,Menus,items,
11,2.41271627746e-24,Formularies,drugs,
11,2.36019415567e-24,Graphics,Adobe Photoshop,
11,2.33021401728e-24,Quality products,quality materials,
11,2.32590880588e-24,Payments,PayPal,
11,2.30684451953e-24,Arrays,variables,
11,2.28901039028e-24,Carbohydrates,"carbon , hydrogen and oxygen",
11,2.28446470513e-24,Fossil fuels,carbon,
11,2.27552433213e-24,Hydrocarbons,hydrogen and carbon,
12,1.05481119131e-26,vectors,doubles,
12,1.02815693534e-26,Steroid hormones,cholesterol,
12,1.02815693534e-26,Steroids,cholesterol,
12,1.01991379011e-26,Volunteers,the Resource Centre,
12,9.53555375095e-27,Cellular automata,elements,
12,9.53555375095e-27,Function tables,floating-point values,
12,9.53555375095e-27,Hash tables,name-value pairs,
12,9.53555375095e-27,Items,integers,
12,9.53555375095e-27,Keys,char,
12,9.53555375095e-27,Lattices,data,
13,2.92996950991e-29,Facts,opinions,
13,2.92958320583e-29,Culture,politics,
13,2.91886274635e-29,Bond,Bourne,
13,2.89893545201e-29,Convenience,quality,
13,2.89893545201e-29,Power,weakness,
13,2.81659671134e-29,Results,XML.,
13,2.81581576489e-29,Results,a table,
13,2.80690764786e-29,Terms,two years,
13,2.79830402695e-29,Enzymes,meat,
13,2.79830402695e-29,Enzymes,plant tissue,
14,1.56528949353e-31,Monounsaturated fats,olive oil,
14,1.55861653489e-31,Omega-3 fatty acids,fish,
14,1.53375134891e-31,Polyunsaturated fats,safflower,
14,1.44584188702e-31,actions,consequences,
14,1.43135375953e-31,Complex carbohydrates,vegetables,
14,1.43135375953e-31,Monounsaturated fats,avocados,
14,1.43135375953e-31,Sapphires,India,
14,1.42577769859e-31,Carbohydrates,breads,
14,1.42338153808e-31,Fossils,sedimentary rocks,
14,1.40777526375e-31,Carbohydrates,grains,
15,6.31227454916e-34,Hamas,the Israelis,
15,6.27831333934e-34,Pearls,the Persian Gulf,
15,6.26147136744e-34,The Germans,the Russians,
15,6.1754007066e-34,Europe,Africa,
15,6.15006801394e-34,Carbohydrates,fruits and vegetables,
15,6.15006801394e-34,Phytoestrogens,soy products,
15,6.0213741571e-34,Young people,older people,
15,5.93740983534e-34,women,Jesus,
15,5.9238444051e-34,Chechnya,Russia,
15,5.91421610617e-34,Antioxidants,plants,
16,4.97408273546e-36,Christians,Jews,
16,4.23105918194e-36,Dormice,Europe,
16,4.05642551485e-36,Conservatives,liberals,
16,4.04156758171e-36,Rich people,poor people,
16,4.0141584129e-36,Married people,singles,
16,4.0141584129e-36,Tall people,short people,
16,3.89139120965e-36,Saturated fats,meats and poultry,
16,3.77640012651e-36,Food allergies,food intolerances,
16,3.72893149176e-36,Married people,single people,
16,3.71609853396e-36,benefits,features,
17,6.56532533821e-38,Artificial sweeteners,sugar,
17,6.56532533821e-38,Drivers,cyclists,
17,6.42548684601e-38,Republicans,the Democrats,
17,6.40646927553e-38,Cats,humans,
17,6.36422696212e-38,Men,a woman,
17,6.35208108572e-38,Jews,Arabs,
17,6.30518379461e-38,Nectarines,peaches,
17,6.29878324043e-38,Young children,adults,
17,6.28873177387e-38,PCs,Macs,
17,6.13849178772e-38,Human beings,computers,
18,7.23165626308e-40,8. Woman,men,
18,7.23165626308e-40,Adolescent girls,boys,
18,7.23165626308e-40,Colts,fillies,
18,7.23165626308e-40,Mature leaves,young leaves,
18,7.23165626308e-40,Older leaves,younger ones,
18,7.23165626308e-40,Shoots,roots,
18,7.23165626308e-40,T cells,B cells,
18,7.23165626308e-40,Womens,males,
18,7.23165626308e-40,sheep,goats,
18,6.44134296967e-40,Older people,younger people,
19,1.03769923157e-41,Toenails,fingernails,
19,1.01959121972e-41,mittens,gloves,
19,1.0053368098e-41,PCs,Macs,
19,9.95433419469e-42,Cats,kids,
19,9.95433419469e-42,Higher numbers,lower numbers,
19,9.95433419469e-42,Weeknights,weekends,
19,9.9529217016e-42,Female dogs,males,
19,9.86805017888e-42,Dogs,kids,
19,9.86805017888e-42,Showers,baths,
19,9.63694740089e-42,Faxes,email,
20,1.06333242135e-43,Catholics,Protestants,
20,1.0510618485e-43,Legs,arms,
20,1.02345084344e-43,Rural areas,urban areas,
20,1.02180754439e-43,Demand,commercial and industrial loans,
20,1.02180754439e-43,Silence,a long moment,
20,1.0123118854e-43,Silence,a few moments,
20,1.00582468123e-43,Crude oil,a second day,
20,1.00582468123e-43,Jesus,a second time,
20,9.61225344333e-44,Leaf extracts,root extracts,
20,9.50369427335e-44,Business travellers,tourists,
21,8.90869342892e-46,B and C,A,
21,8.82087665118e-46,Aluminum coatings,zinc,
21,8.82087665118e-46,Human beings,Jinns,
21,8.82087665118e-46,Ointments,creams and lotions,
21,8.73069498161e-46,O,the Lord,
21,8.71610110818e-46,Gold fillings,amalgam fillings,
21,8.71610110818e-46,Gravitational forces,electrostatic forces,
21,7.92618015589e-46,Druids,Nature,
21,7.8497581358e-46,Horses,bikes,
21,7.25919681491e-46,female spiders,male spiders,
22,8.67907111249e-48,Actions,thoughts,
22,8.58961463104e-48,Actions,mere words,
22,8.33147757947e-48,Songs,books,
22,8.29424948396e-48,gestures,words,
22,7.67520405063e-48,ACTIONS,WORDS.,
22,7.67520405063e-48,Action and inaction,words,
22,7.67520405063e-48,Actions,words people,
22,7.67520405063e-48,First impressions,words,
22,7.67520405063e-48,Statistics,words,
22,7.67520405063e-48,actions,genes,
23,1.49492493778e-49,Flowers,words,
23,1.49492493778e-49,Pictures,a 1000 words,
23,1.42356449622e-49,Londoners,300 languages,
23,1.37504693556e-49,Id,a friend,
23,1.37504693556e-49,Id,half,
23,1.37504693556e-49,Tulips,roses,
23,1.14940616933e-49,Symbols,words,
23,1.14434725493e-49,Visuals,words,
23,1.09945165809e-49,Photographs,a thousand words,
23,1.09945165809e-49,Pictures,thousand words,
24,2.57359718895e-51,Sheep,goats,
24,2.54490865578e-51,Public companies,private companies,
24,2.39834321062e-51,Relationships,money,
24,2.39834321062e-51,U.S. dollars,Canadian dollars,
24,2.20800749878e-51,Human beings,birds,
24,2.20800749878e-51,Old things,new ones,
24,2.20800749878e-51,Principles,money,
24,2.17158407822e-51,People,animals,
24,2.15898707444e-51,Photographs,a thousand words,
24,1.82476266668e-51,People,money,
25,1.37433233476e-53,People,stuff,
25,1.35314021124e-53,People,process,
25,1.35314021124e-53,Profits,people,
25,1.33565476896e-53,Lives,property,
25,1.26528307313e-53,appearances,reality,
25,1.18422732168e-53,Pictures,a thousands words,
25,1.16515940422e-53,People,strange things,
25,1.14874714976e-53,People,profits,
25,1.13569379607e-53,People,stupid things,
25,1.13132612202e-53,People,weird shit,
26,8.03454489338e-56,A,people,
26,8.03454489338e-56,Bloggers,people,
26,7.94618185553e-56,A lot of people,stuff,
26,7.91255355122e-56,Picture,thousand words,
26,7.71023575778e-56,Experience,a degree,
26,7.70768398237e-56,Gold,currency,
26,7.69614982841e-56,Apple,Google,
26,7.67766690562e-56,Students,stuff,
26,7.6649971795e-56,Love,intelligence,
26,7.5938747407e-56,Oil,blood,
27,6.22176349974e-58,Music,a universal language,
27,6.12309459579e-58,Time,gold,
27,5.70382539877e-58,Silence,words,
27,5.67291736249e-58,Eucharist,thanksgiving,
27,5.6631063254e-58,Perception,reality,
27,5.59970593817e-58,Ignorance,bliss,
27,5.54628025118e-58,Backgammon,a race,
27,5.38438756744e-58,A picture,worth a thousand words,
27,5.38146446227e-58,Hindsight,a wonderful thing,
27,5.37376736314e-58,Success,a team effort,
28,1.56797313617e-59,Life,an adventure,
28,1.559022008e-59,Liberalism,a mental disorder,
28,1.50959110422e-59,Hindsight,20-20,
28,1.49314055351e-59,Knowledge,power,
28,1.47894842128e-59,Cooking,an art,
28,1.4715567545e-59,ignorance,bliss,
28,1.44368089014e-59,price,a factor,
28,1.42175577928e-59,Love,a mystery,
28,1.40913313302e-59,Communication,a two-way street,
28,1.39930167325e-59,Prague,a beautiful city,
29,1.48806481576e-61,America,America,
29,1.44168384292e-61,VICODIN,sanctions,
29,1.43465874285e-61,Gods,gods,
29,1.3798670367e-61,School,school,
29,1.37896747151e-61,teens,teens,
29,1.33494736713e-61,Politics,politics,
29,1.32622541608e-61,2009,a great year,
29,1.30764974415e-61,DIAZEPAM,half,
29,1.30764974415e-61,LIPITOR,4,
29,1.30750760136e-61,guys,guys,
30,9.19008894421e-64,People,machines,
30,9.17253600573e-64,A child,a child,
30,9.15501899094e-64,Boys,guns,
30,8.99803117843e-64,People,friends,
30,8.97995807786e-64,Dont,fire,
30,8.96878241472e-64,People,strangers,
30,8.85740961115e-64,numbers,numbers,
30,8.85740961115e-64,rumors,rumors,
30,8.77061627253e-64,People,plants,
30,8.64973143637e-64,kids,information,
31,5.57796057699e-66,Harbin,Heilongjiang,
31,5.45469671351e-66,mothers,a single calf,
31,5.40111406888e-66,Kids,kids,
31,5.34346847797e-66,People,idiots,
31,4.94202195672e-66,Females,a single young,
31,4.84909397999e-66,Parents,children,
31,4.83038264467e-66,Women,babies,
31,4.77177109535e-66,People,animals,
31,4.67126267914e-66,Females,2-3 kittens,
31,4.67126267914e-66,Females,a single baby,
32,2.23862948082e-67,Scripture,God,
32,2.19317911032e-67,Christ,salvation,
32,2.15486508306e-67,The Bible,God,
32,2.01383786799e-67,Jesus,salvation,
32,1.91013868393e-67,Jesus Christ Himself,God,
32,1.9008880666e-67,CYTOMEL,health,
32,1.89982859976e-67,The Word,the Father,
32,1.8759659431e-67,Jesus,Yahweh,
32,1.86866474115e-67,2. Jesus,God,
32,1.78631590078e-67,Jesus of Nazareth,God,
33,3.4657270873e-69,An Internet business,Internet riches,
33,3.4657270873e-69,Islam,real freedom,
33,3.4657270873e-69,Redbox,go.,
33,3.4657270873e-69,Wakefulness,life,
33,3.13573150601e-69,Siva,Brahma and Vishnu,
33,2.96455635743e-69,Failure,success,
33,2.79837842127e-69,Dialogue,peace,
33,2.79837842127e-69,Efficiency,success,
33,2.79837842127e-69,Faith,Jesus,
33,2.79683797955e-69,Expression,life,
34,1.69370709359e-71,death,eternal punishment,
34,1.65357319096e-71,practice,success,
34,1.63009760284e-71,Information,success,
34,1.61936252151e-71,Desire,motivation,
34,1.6117474609e-71,information,effective decision making,
34,1.61168182158e-71,moderation,success,
34,1.61168182158e-71,perseverance,success,
34,1.6089298117e-71,DECISION,ACTION.,
34,1.58883076933e-71,patience,success,
34,1.58499292909e-71,Organization,success,
35,1.40984229318e-73,Parental involvement,student success,
35,1.37916335395e-73,A well-balanced diet,good health,
35,1.31258411155e-73,Communication,a successful project,
35,1.31258411155e-73,Preparation,a successful interview,
35,1.27290820667e-73,effective management,success,
35,1.26559315724e-73,Communication,understanding,
35,1.26559315724e-73,Exercise,weight management,
35,1.26334429765e-73,Organization,success,
35,1.25341090832e-73,Marketing,success,
35,1.24258237183e-73,Gratitude,happiness,
36,2.57335729669e-75,innovation,growth,
36,2.54811189385e-75,information,success,
36,2.44353596907e-75,Positive thinking,success,
36,2.42571655823e-75,Water,survival,
36,2.41248257934e-75,quality,success,
36,2.38441389562e-75,experience,success,
36,2.37311550741e-75,Marketing,success,
36,2.36754367409e-75,Perseverance,success,
36,2.33582838252e-75,Water,sustainable development,
36,2.32080300185e-75,Gratitude,happiness,
37,3.34313060894e-77,A healthy colon,a healthy body,
37,3.32225490841e-77,Perseverance,success,
37,3.28734875055e-77,A healthy scalp,healthy hair,
37,3.26132018291e-77,wilderness,mankind,
37,3.08432870082e-77,Oxygen,life,
37,2.92614437085e-77,Biodiversity,humans,
37,2.92614437085e-77,Salt,good health,
37,2.92614437085e-77,Salt,human life,
37,2.86479614943e-77,Networking,success,
37,2.86435654873e-77,Water,proper hydration,
38,7.28325890066e-79,Calcium,healthy bones,
38,7.09427976749e-79,Vitamin K,blood clotting,
38,7.07743443453e-79,Water,survival,
38,6.91616204442e-79,Exercise,health,
38,6.90129980256e-79,Breathing,life,
38,6.70491974313e-79,Goal setting,success,
38,6.60312358239e-79,Water,human life,
38,6.42462623901e-79,Chlorophyll,photosynthesis,
38,6.30210431561e-79,Sleep,good health,
38,6.26950398384e-79,Good food,good health,
39,6.18500307399e-81,Magnesium,bone,
39,6.0173723254e-81,Water,human survival,
39,5.88284335417e-81,Clean drinking water,life,
39,5.63022153583e-81,Coconut water,Nature,
39,5.55452696573e-81,Vitamin D,strong bones,
39,5.52916947096e-81,chromium,energy,
39,5.51213921947e-81,IRON,healthy blood,
39,5.42531183522e-81,Clean water,human life,
39,5.42088581721e-81,Calcium,muscle contraction,
39,5.27788427787e-81,Fiber,a healthy diet,
40,8.81278532295e-83,Planning,project management,
40,8.32450382614e-83,Iron,haemoglobin,
40,8.68944004549e-83,Sleep,a healthy lifestyle,
40,8.24176298326e-83,Music,capoeira,
40,8.08202762908e-83,Family involvement,Cub Scouting,
40,8.08202762908e-83,SEO,website optimization,
40,8.08202762908e-83,Writing articles,article marketing,
40,7.86790503522e-83,coffee,life,
40,7.85265329569e-83,Nitrogen,proteins,
40,7.84293642709e-83,Alcohol,life,
41,1.84018033046e-84,Competition,life,
41,1.80352577807e-84,Rejection,life,
41,1.78695637139e-84,Stress,daily life,
41,1.77753917974e-84,Kashmir,India,
41,1.73700257116e-84,Kosovo,Serbia,
41,1.71505727247e-84,Diversity,life,
41,1.65394533606e-84,Variety,life,
41,1.62299625752e-84,Violence,life,
41,1.61469044817e-84,Illness,life,
41,1.55743162696e-84,Experience,life,
42,1.22426729053e-85,Depression,life,
42,1.19656567935e-85,Rejection,life,
42,1.12956589254e-85,Laundry,life,
42,1.09054384397e-85,War,life,
42,1.06210522505e-85,Competition,life,
42,1.04188731258e-85,Advertising,life,
42,1.03994408195e-85,Violence,life,
42,1.02956032453e-85,Globalization,life,
42,9.98070465206e-86,Spam,life,
42,9.72954253561e-86,Conflict,organizational life,
43,9.64182347936e-88,Competition,life,
43,9.31242489355e-88,insurance,life,
43,9.24421196251e-88,conflict,drama,
43,8.6647935633e-88,Spam,life,
43,8.66201057585e-88,water conservation,life,
43,8.65016319742e-88,Giving,love,
43,8.50686562394e-88,Globalisation,life,
43,8.44071002939e-88,Uncertainty,life,
43,8.43689675838e-88,prostitution,life,
43,8.40894703423e-88,Language,culture,
44,1.33225867885e-89,Hinduism,life,
44,1.33130113792e-89,service,life,
44,1.32650325295e-89,sport,life,
44,1.30861892929e-89,music,life,
44,1.30383908244e-89,Karate,life,
44,1.28800645939e-89,innovation,life,
44,1.27148544115e-89,hospitality,life,
44,1.27027888321e-89,Judaism,life,
44,1.26793519427e-89,Surfing,life,
44,1.26793519427e-89,Taekwondo,life,
45,1.44208008626e-91,Socialism,failure,
45,1.39393205914e-91,FLUOXETINE,Eric,
45,1.32949231669e-91,Gardening,life,
45,1.30995059385e-91,Tao,Nature,
45,1.30329854398e-91,life,art,
45,1.3009030689e-91,EPHEDRINE,integration,
45,1.29663085258e-91,Sincerity,Heaven,
45,1.25668587837e-91,Going green,life,
45,1.23387984008e-91,Drumming,life,
45,1.22513559885e-91,Tao,ultimate reality,
46,6.67391996991e-94,Addiction,life,
46,6.54187622745e-94,Man,Heaven,
46,6.49618439557e-94,Sex,society,
46,6.4009054487e-94,Sulfur,life,
46,6.37193666212e-94,Communication,society,
46,6.1908508416e-94,A culture,life,
46,6.17898826606e-94,Buddhism,Bhutanese life,
46,6.17898826606e-94,Class struggle,political life,
46,6.17898826606e-94,Corporate culture,enterprise systems,
46,6.17898826606e-94,Entropy,human existence,
47,4.25491870753e-96,Camping,life,
47,4.20764970834e-96,hardship,life,
47,4.20470024694e-96,war,life,
47,4.16810628368e-96,Philosophy,life,
47,4.1226745671e-96,rugby,life,
47,4.0456973863e-96,Rejection,life,
47,3.88107453358e-96,deception,life,
47,3.62344444374e-96,Satyagraha,life,
47,3.62344444374e-96,Smuggling,life,
47,3.62344444374e-96,evangelism,life,
48,1.28781383885e-98,war,life,
48,1.2735285444e-98,Paul,music,
48,1.25130328541e-98,A publisher,testing,
48,1.23895381515e-98,hypocrisy,life,
48,1.23804425036e-98,War,life,
48,1.23213972346e-98,Creating art,life,
48,1.2310051648e-98,EPHEDRINE,labeling,
48,1.2310051648e-98,Ellen Page,life,
48,1.22739932364e-98,A whiteboard,testing,
48,1.22739932364e-98,Chris,English,
49,5.6017448938e-101,Islam,interest,
49,5.27898767585e-101,Understanding,communication,
49,5.25873199796e-101,Adolix,multiuser engineer,
49,5.25873199796e-101,The Church,mission,
49,5.22751127876e-101,Knowledge,belief,
49,5.22664611795e-101,Adolix,moment engineer,
49,5.19751336037e-101,Loneliness,life,
49,5.19436022252e-101,Spontaneity,life,
49,5.19419446351e-101,Networking,life,
49,5.16934021837e-101,Beauty,life,
50,2.87776289975e-103,Yogurt,milk,
50,2.69725235146e-103,B,A,
50,2.6883611446e-103,Dependency,life,
50,2.68415021319e-103,OLS,MIT.,
50,2.68415021319e-103,Wisdom,schooling,
50,2.68415021319e-103,stainless steel,oil,
50,2.54771598988e-103,A person,God,
50,2.46606881907e-103,A believer,God,
50,2.3198706623e-103,Sushi,Japanese cuisine,
50,2.29725571868e-103,Ubuntu,Debian,
51,1.612578142e-105,virtual reality,reality,
51,1.60763476791e-105,Sarah Palin,president,
51,1.6076227108e-105,Changu Narayan,Vishnu,
51,1.6076227108e-105,The Christian 's body,the Holy Ghost,
51,1.58126376242e-105,A quart,a gallon,
51,1.58126376242e-105,A theory,a fact,
51,1.58126376242e-105,People,gods,
51,1.5767022606e-105,Mankind,Christ,
51,1.55467071093e-105,Peter,Christ,
51,1.54179730593e-105,John McCain,president,
52,8.65228253897e-108,Fear,creativity,
52,8.6388223534e-108,The Republican Party,limited government,
52,8.5740791887e-108,Heat,electronics,
52,8.56483903065e-108,perfection,good enough,
52,8.56483903065e-108,perfection,progress,
52,8.42395528589e-108,Perfectionism,creation,
52,8.40053193055e-108,America,Americans,
52,8.28421789929e-108,America,democracy,
52,8.28189571565e-108,Israel,the LORD.,
52,8.2107333803e-108,Mankind,God,
53,6.64955584055e-110,Metal,Water,
53,6.63170209171e-110,Earth,Metal,
53,6.13056098497e-110,Expectation,Frustration,
53,6.13056098497e-110,impulsiveness,Regret,
53,5.40681488784e-110,a virgin,God,
53,5.25640112446e-110,Chaos,Creation,
53,5.25640112446e-110,Virginia,Presidents,
53,5.25441255661e-110,Fear,success,
53,5.24198369951e-110,War,freedom,
53,5.11054030071e-110,simplicity,success,
54,3.18893672562e-112,Bristol Palin,a son,
54,3.18893672562e-112,Mary,a daughter,
54,3.18886760786e-112,Sacagawea,a daughter,
54,3.18005782016e-112,Sacagawea,a son,
54,3.15593927431e-112,Oholibamah,Jeush,
54,3.15219741989e-112,Sarah,a son,
54,3.02728113012e-112,A woman,octuplets,
54,3.02701928425e-112,Ruth,Obed,
54,3.00584168958e-112,Ruth,a son,
54,2.86341832263e-112,Angelina Jolie,twins,
55,2.59986429505e-114,Rhea Silvia,Romulus and Remus,
55,2.55210978167e-114,Rhea,Zeus,
55,2.50948525271e-114,Mother Mary,Jesus,
55,2.3663204468e-114,Bathsheba,Solomon,
55,2.33800849627e-114,Jocasta,Oedipus,
55,2.29820299335e-114,Dolly,six lambs,
55,2.29820299335e-114,Europa,Minos,
55,2.29820299335e-114,Leto,Apollo and Artemis,
55,2.29820299335e-114,Semele,Dionysus,
55,2.21948762106e-114,Eunice,Timothy,
56,3.29468843244e-116,Gaea,Uranus,
56,3.29468843244e-116,Mary,the Messiah,
56,3.10967273514e-116,Rahab,Boaz,
56,2.86607257557e-116,Alice,Rudyard Kipling,
56,2.86607257557e-116,Gaea,the Titans,
56,2.86607257557e-116,Helen,Hermione,
56,2.86607257557e-116,Necessity,reform,
56,2.86607257557e-116,Pat,two sons,
56,2.86607257557e-116,Penelope,Telemachus,
56,2.86607257557e-116,Thetis,Achilles,
57,6.68013315698e-118,Liberty,virtue,
57,6.68013315698e-118,neccessity,invention,
57,6.57401952845e-118,Failure,success,
57,6.35578611393e-118,Venus,Cupid,
57,6.31416907199e-118,Dissent,ascent,
57,6.31416907199e-118,Enthusiasm,effort,
57,5.9030639522e-118,Availability,use,
57,5.9030639522e-118,Competition,invention,
57,5.9030639522e-118,Obedience,success,
57,5.82124592886e-118,Wood,Fire,
58,2.73691109023e-120,Stephen King,horror,
58,2.71347951817e-120,Spirit,Matter,
58,2.67318473989e-120,War,armies,
58,2.6341620862e-120,Faith,obedience,
58,2.57447575435e-120,Boredom,creativity,
58,2.57301323467e-120,LLC,GMAC Mortgage,
58,2.57301323467e-120,RBS,Citizens Bank,
58,2.52750585951e-120,Scott byers,ice cream info,
58,2.40509822351e-120,God,the Universe,
58,2.38223925893e-120,The Priest class,healing,
59,6.81024732185e-122,Catholicism,faith,
59,6.39517724736e-122,adversity,innovation,
59,6.35999480979e-122,Advertising,graphic design,
59,6.35999480979e-122,Helen,Iphigeneia,
59,6.35999480979e-122,NIH,necessity,
59,6.35999480979e-122,Narcissism,deadly sins,
59,6.35999480979e-122,Neccesity,invention,
59,6.35999480979e-122,Radia Perlman,the Internet,
59,6.35999480979e-122,a recession,innovation,
59,6.35999480979e-122,recessions,RE-invention,
60,3.39840839279e-124,Aung San Suu Kyi,Aung San,
60,3.35784612045e-124,Satan,lies,
60,3.3383626805e-124,Venus,Jupiter,
60,3.3337300809e-124,Truth,freedom,
60,3.28298951706e-124,Mars,action,
60,3.2109644186e-124,Electra,Agamemnon and Clytemnestra,
60,3.20334986856e-124,Antigone,Oedipus and Jocasta,
60,3.20334986856e-124,Phaedra,Minos,
60,3.18739975651e-124,Jesse,King David,
60,3.18096447303e-124,Megawati,Sukarno,
61,1.84452167525e-126,Jesus Christ,the Virgin Mary,
61,1.79601751636e-126,Electra,Agamemnon and Clytemnestra,
61,1.74773846996e-126,Mithra,a virgin,
61,1.74773846996e-126,Mithras,a virgin,
61,1.74773846996e-126,The Lord Jesus Christ,a virgin,
61,1.6863676988e-126,Callisto,Lycaon,
61,1.67804496251e-126,Phaedra,Minos,
61,1.64662475254e-126,love,time,
61,1.64485554678e-126,Christ,a woman,
61,1.6302324592e-126,Semele,Cadmus and Harmonia,
62,2.10166591597e-128,Alcyone,Aeolus,
62,2.10166591597e-128,Ariadne,Minos,
62,2.02469108609e-128,Ariadne,King Minos of Crete,
62,2.02163948433e-128,Persephone,Zeus and Demeter,
62,2.01675896309e-128,Io,Inachus,
62,1.99933177065e-128,Barack obama,muslim father,
62,1.99933177065e-128,Jerome,Christian parents,
62,1.99933177065e-128,a daughter,Ulrich,
62,1.99933177065e-128,a third son,Adam and Eve,
62,1.99715852627e-128,Jesus,the Holy Spirit,
63,8.76647709494e-131,Ares,zeus and hera,
63,8.49466493892e-131,Lot,Haran,
63,8.49466493892e-131,Perseus,Danae,
63,8.49037489294e-131,Achilles,Peleus,
63,8.49037489294e-131,Horus,Isis,
63,8.49037489294e-131,Horus,Osiris,
63,8.37582308754e-131,Joseph,Jacob,
63,8.16643129495e-131,Laban,Bethuel,
63,8.16643129495e-131,Oedipus,Laius,
63,8.1597704972e-131,Arthur,Uther Pendragon,
64,5.14413123516e-133,Moses,Amram,
64,5.12136121805e-133,Tantalus,Zeus,
64,5.09357892762e-133,Kedar,Ishmael,
64,5.08137719625e-133,Christ,Mary,
64,5.07363662855e-133,Sarpedon,Zeus and Europa,
64,5.07363662855e-133,Togarmah,Gomer,
64,5.06964430884e-133,Jesus Christ,Mary,
64,5.01574083579e-133,Agent,owner,
64,5.01574083579e-133,Alexander,Philip II,
64,5.00835888943e-133,Chaucer,a wine merchant,
65,3.25563380208e-135,Rama,Dasharatha,
65,3.25563380208e-135,Seba,Cush,
65,3.21198000186e-135,David,Jesse,
65,3.13743854834e-135,Cornwallis,Charles Cornwallis,
65,3.13743854834e-135,Richard III,Richard II,
65,2.89567695779e-135,James,Henry James,
65,2.89567695779e-135,Shakespeare,Mary Arden,
65,2.89567695779e-135,Toshi Yoshida,Hiroshi Yoshida,
65,2.88756531919e-135,Rabindranath Tagore,Debendranath Tagore,
65,2.77078354956e-135,David,Saul,
66,2.22487135708e-137,Jesus,King David,
66,2.22487135708e-137,Joseph,David,
66,2.08898131333e-137,Jesus,Judah,
66,2.07870485189e-137,Mary,David,
66,2.06448794575e-137,3 Jesus,God,
66,1.89606998203e-137,Joseph,King David,
66,1.88210717547e-137,Mugabe,Pope John Paul II,
66,1.82340714422e-137,William,William Jones,
66,1.79202982377e-137,Menashe,Joseph,
66,1.76936406005e-137,Lehi,Manasseh,
67,1.45606857855e-139,Man,toil,
67,1.45606857855e-139,Methuselah,Enoch,
67,1.43970391269e-139,Enoch,Jared,
67,1.36545074788e-139,An angel,Mary,
67,1.32692572159e-139,Jesus,Thomas,
67,1.28863408121e-139,Petite Sirah,syrah,
67,1.24858469674e-139,Rebecca,a poor family,
67,1.24858469674e-139,a female child,Mandodari,
67,1.21535547962e-139,dude,a lady,
67,1.20855998343e-139,Gabriel,Mary,
68,9.35544399485e-142,Alf,Martha Stewart,
68,9.06223259927e-142,G-d,Abraham,
68,8.88804949518e-142,Larxene,Sora,
68,8.79382404635e-142,Isaac,Abraham,
68,8.71704599175e-142,Aphrodite,Hephaestus,
68,8.6107255885e-142,Hephaestus,Aphrodite,
68,8.38460580874e-142,An angel,Zechariah,
68,8.38460580874e-142,Orbitz,California investors,
68,8.17880120359e-142,Mary,Bernadette Soubirous,
68,8.17880120359e-142,Yeshua,Miryam,
69,1.47851457066e-143,9The Lord,Moses,
69,1.46860233439e-143,Christ,Peter,
69,1.45182060507e-143,Agrippa,Festus,
69,1.41550857579e-143,God,Cain,
69,1.40943673216e-143,Christ,the Jews,
69,1.40651570923e-143,God,Moshe,
69,1.38757612571e-143,Peter,Jesus,
69,1.37212455222e-143,God,Solomon,
69,1.35939456095e-143,The Lord,Abram,
69,1.26108780175e-143,Jesus,Pilate,
70,3.69055892881e-145,Pharaoh,Joseph,
70,3.66495502548e-145,1 Yahweh,Moses,
70,3.64148043053e-145,God,Job,
70,3.62925908411e-145,the Cross,the Saint,
70,3.59835381655e-145,Yahweh,Moses,
70,3.45603600862e-145,God,Moshe,
70,3.39067254743e-145,Hashem,Moses,
70,3.38265622579e-145,The Lord,Cain,
70,3.35666235486e-145,Nathan,David,
70,3.34472517192e-145,Bob Schieffer,Sen. Carl Levin,
71,2.81538511327e-147,Joseph,God,
71,2.75592791665e-147,Jehovah,thee,
71,2.74587851065e-147,David,Gad,
71,2.7425072434e-147,Pia,Amy,
71,2.70678348607e-147,Master,Dennis,
71,2.70644824443e-147,The Lord,David,
71,2.68611804506e-147,Jesus,unbelievers,
71,2.6665892855e-147,Agrippa,Paul,
71,2.65661739228e-147,Ananda,the Buddha,
71,2.56573444661e-147,Moshe,HASHEM,
72,1.22796051467e-149,God,Daniel,
72,1.19739058504e-149,God,Jonah,
72,1.16638072693e-149,The Gaza Strip,Egypt,
72,1.13332763249e-149,Milford,the Indians,
72,1.13070981732e-149,The Lord,Mary,
72,1.11040873375e-149,Chesley Sully Sullenberger,TRACON,
72,1.11040873375e-149,WebProNews,Andrew Goodman,
72,1.03440749158e-149,Cherkessk,the Red Army,
72,1.03440749158e-149,Mortimer,Glendower,
72,1.03241473836e-149,God,Ishmael,
73,1.36018779734e-151,Kama,love,
73,1.25144785138e-151,God,Isaiah,
73,1.24975472432e-151,God,Jeremiah,
73,1.23513322648e-151,Neptune,the Sea,
73,1.22878816868e-151,God,new beginnings,
73,1.22473566837e-151,Adonai,Moses,
73,1.2066984757e-151,God,Samuel,
73,1.20128545692e-151,Satan,people,
73,1.20100237661e-151,God,Nebuchadnezzar,
73,1.18664664711e-151,God,Abel,
74,9.42803875411e-154,God,glory,
74,9.20753699827e-154,God,promises,
74,8.78997632746e-154,God,new beginnings,
74,8.76395733831e-154,God,wrath,
74,8.73599698412e-154,God,law,
74,8.73599698412e-154,God,variety,
74,8.70436177735e-154,God,Principle,
74,8.6164170121e-154,God,wonders,
74,8.52660065733e-154,God,surprises,
74,8.02869725875e-154,God,judgement,
75,1.08265623836e-155,God,hope,
75,9.91982708624e-156,God,creativity,
75,9.72553028917e-156,Ethiopia,the Blue Nile,
75,9.68284070093e-156,the Iraq war,oil,
75,9.66719339584e-156,Jesus,salvation,
75,9.64306187637e-156,Light,Life,
75,9.47530286941e-156,God,love and truth,
75,9.39561624412e-156,Jesus Christ,love,
75,9.35345365865e-156,God,happiness,
75,9.13241973571e-156,Heart,love,
76,9.05535484663e-158,The Torah,life,
76,8.75483553618e-158,Exercise,youth,
76,8.51433860182e-158,Love,emotions,
76,8.41051280015e-158,Cannabis,life,
76,8.41038928284e-158,The Lord,liberation,
76,8.37371104434e-158,Sleep,youth,
76,8.14837396878e-158,God,nature,
76,7.74415931621e-158,Scott byers,ice cream info,
76,7.73319751887e-158,The Ash,sea power,
76,7.73319751887e-158,The Baobab,life,
77,7.41983410404e-160,Religion,explanation,
77,7.33490178177e-160,God,Creator,
77,7.21406515146e-160,God,faith,
77,6.99060184008e-160,Landlord,a house,
77,6.55968398117e-160,Reeder,ABC Loan Guide,
77,6.47178146456e-160,God,glory,
77,6.44253865582e-160,Andrew Loh,Cheap Web Hosting,
77,6.24438998263e-160,God,the Creator,
77,6.23764782844e-160,God,Holy,
77,6.23764782844e-160,God,Judge,
78,2.81660732625e-162,the Lord,Zion,
78,2.80259941062e-162,The Sun,energy,
78,2.79920581885e-162,Peterhof,fountains,
78,2.75129844017e-162,Ethiopia,coffee,
78,2.71966984796e-162,God,inspiration,
78,2.68067494291e-162,Satan,evil,
78,2.52410842082e-162,Breath,life,
78,2.51190595273e-162,God,men,
78,2.49397068776e-162,COZAAR,Cozaar,
78,2.48736133052e-162,God,the Holy of Holies,
79,9.59238205941e-165,Clark Kent,Smallville,
79,9.5439373231e-165,Tim Pratt,Oakland,
79,9.37832475775e-165,LORCET,pain relief,
79,9.37832475775e-165,Shock value,a copyright,
79,9.37832475775e-165,private vehicle,enjoyments,
79,9.09780561637e-165,Virtualization,servers,
79,9.09780561637e-165,Web design,a web site,
79,9.0271936707e-165,Books,computers,
79,9.0210827321e-165,Bob,New Hope,
79,9.0210827321e-165,Claudia Smith,Austin,
80,6.18570209403e-167,Moses,Mount Sinai,
80,6.16127132203e-167,David,Jerusalem,
80,6.03076871917e-167,John Knox,Scotland,
80,5.92743441019e-167,Moses,Sinai,
80,5.92453610227e-167,people,church,
80,5.91383859704e-167,Paul and Barnabas,Jerusalem,
80,5.91193402204e-167,the Lord,Jerusalem,
80,5.83370142778e-167,Billy Bishop,war,
80,5.78263473704e-167,Jesus of Nazareth,Jerusalem,
80,5.78263473704e-167,Yeshua,Jerusalem,
81,6.28590407671e-169,life,an end,
81,6.15246594057e-169,True contentment,technology,
81,5.96900879206e-169,Christ,earth,
81,5.91023902252e-169,traffic,a complete stop,
81,5.87127426431e-169,Chess,life,
81,5.76068487784e-169,Jesus,Golgotha,
81,5.74468486436e-169,progress,a halt,
81,5.65525552958e-169,new information,light,
81,5.61191163971e-169,Bailey Circus,town,
81,5.61191163971e-169,Life,a screeching halt,
82,3.00154341125e-171,A man,Mercy Hospital,
82,2.96921314403e-171,A Redeemer,Zion,
82,2.93473045714e-171,Progress,a standstill,
82,2.9283381828e-171,Time,an end,
82,2.91568447705e-171,Change,China,
82,2.9127457324e-171,The Redeemer,Zion,
82,2.90671806507e-171,life,an end,
82,2.89547088224e-171,Emmanuel,thee,
82,2.8891493545e-171,Ayatollah Khomeini,power,
82,2.80654791778e-171,visitors,La Romana,
83,9.02663609614e-173,World War II,a close,
83,8.89144775595e-173,2003,a close,
83,8.76438797236e-173,Autumn,a close,
83,8.6004150798e-173,2005,a close,
83,8.46393649542e-173,2005,an end,
83,7.87818174071e-173,January,an end,
83,7.67399629299e-173,Breast Cancer Awareness Month,a close,
83,7.53364286338e-173,December,a close,
83,6.93589959772e-173,An era,a close,
83,6.6678586988e-173,Training,a close,
84,1.39903252226e-174,Muslims,America,
84,1.3922069285e-174,Guess,dinner,
84,1.3839767267e-174,January,an end,
84,1.37771826548e-174,Instant replay,baseball,
84,1.36346709459e-174,2008 school year,a close,
84,1.36346709459e-174,the Conference,a close,
84,1.35738832326e-174,Democracy,China,
84,1.32434994682e-174,People,the Lord,
84,1.23962074237e-174,spring,New England,
84,1.23962074237e-174,the Nokia E63,the United States,
85,1.17321906358e-176,February,a close,
85,1.17321906358e-176,Time,a close,
85,1.05295240548e-176,90 days,an end,
85,1.05295240548e-176,An excellent example,light,
85,1.05295240548e-176,Barack Obama,Portland,
85,1.05295240548e-176,British Columbia,a close,
85,1.05295240548e-176,Bruce,Oregon,
85,1.05295240548e-176,Highway 15,a standstill,
85,1.05295240548e-176,Hunter,Oblivion,
85,1.05295240548e-176,Jerry,life,
86,1.04844975312e-178,colonialism,an end,
86,1.04844975312e-178,the,an end,
86,1.04844975312e-178,the Big Band Era,an end,
86,9.52709273792e-179,A car,a halt,
86,9.13272841704e-179,Time,a halt,
86,8.47524329587e-179,Jamie,bed,
86,8.47524329587e-179,terrorism,the United States,
86,8.46982592741e-179,Alexander,India,
86,8.46982592741e-179,An era,a close,
86,8.46982592741e-179,War,the United States,
87,5.43484724886e-181,William,England,
87,5.35261391551e-181,Change,the United States of America,
87,5.35261391551e-181,The Carnival,town,
87,5.20788613728e-181,Overlord,the PS3,
87,5.20218312407e-181,Change,Washington,
87,5.157838047e-181,09,an end,
87,5.157838047e-181,Jason,a decision,
87,5.00238907875e-181,things,a head,
87,4.76662203271e-181,People,Christ,
87,4.73754807331e-181,Information,light,
88,3.14295804045e-183,The Serpent,Gloucester,
88,3.14295804045e-183,The Tiger,Tea,
88,3.08553224174e-183,3. Santa Claus,Town,
88,3.05029779972e-183,The Circus,Town,
88,2.95036440396e-183,Black,2008,
88,2.95036440396e-183,Movie,the,
88,2.95036440396e-183,Ricky Williams,the NFL,
88,2.92750129223e-183,Satan,Eden,
88,2.89970856726e-183,Augustine,Kent,
88,2.7285874433e-183,Santa Claus,Town 22,
89,1.63438962134e-185,Network Marketing,Full Force,
89,1.63438962134e-185,Rocky,Training,
89,1.63438962134e-185,Romance,Fashion,
89,1.63438962134e-185,Russel Brand,L.A.,
89,1.63438962134e-185,SCOTT,The U.S.,
89,1.63438962134e-185,Santa Claus,Town 02,
89,1.63438962134e-185,Santa Claus,Town 05,
89,1.63438962134e-185,Santa Claus,Town 59,
89,1.63438962134e-185,Santa Claus,Town2,
89,1.63438962134e-185,T3,L.A.,
90,6.75478729212e-188,France,western Europe,
90,6.72707953546e-188,Syria,Southwest Asia,
90,6.69581180739e-188,Snow,rain,
90,6.62433889524e-188,El Salvador,Central America,
90,6.38444565634e-188,Johnny Cash,Town,
90,6.27788990317e-188,Nepal,Asia,
90,6.27788990317e-188,The Republic of Costa Rica,Central America,
90,6.25577779252e-188,Croatia,Europe,
90,6.23250594816e-188,The Kingdom of Thailand,Southeast Asia,
90,6.18407324435e-188,evening,night,
91,1.10753479175e-189,Ireland,Western Europe,
91,1.01166507126e-189,Romania,Southeastern Europe,
91,1.00804595792e-189,The Netherlands,Western Europe,
91,9.8731897134e-190,The Czech Republic,Central Europe,
91,9.80262374967e-190,Iran,the Middle East,
91,9.76208979306e-190,Syria,the Middle East,
91,9.74465418047e-190,Kenya,East Africa,
91,9.64461661605e-190,Jordan,the Middle East,
91,9.63387162789e-190,Hungary,Central Europe,
91,9.59453170265e-190,China,eastern Asia,
92,1.11125405878e-191,The Kingdom of Bhutan,the Himalaya Mountains,
92,1.07246828773e-191,Austria,central Europe,
92,1.03959558052e-191,Qatar,the Persian Gulf,
92,1.03855279284e-191,Costa Rica,Central America,
92,9.54777304542e-192,Bhutan,the Himalaya Mountains,
92,9.3654769275e-192,Zimbabwe,southern Africa,
92,9.05296073087e-192,New Zealand,the South Pacific,
92,9.0418516508e-192,Jamaica,the Caribbean,
92,9.00761042244e-192,Libya,Africa,
92,8.73409439674e-192,The Republic of Malawi,Southern Africa,
93,1.39716481451e-193,The Sudan,Africa,
93,1.3960439315e-193,Malawi,southeastern Africa,
93,1.39517639976e-193,Malawi,southern Africa,
93,1.38834858161e-193,Ethiopia,East Africa,
93,1.38834858161e-193,Ethiopia,Eastern Africa,
93,1.37892098321e-193,The Central African Republic,central Africa,
93,1.3751463127e-193,Slovakia,Central Europe,
93,1.36235758716e-193,Mongolia,Central Asia,
93,1.36096767111e-193,The Czech Republic,Central Europe,
93,1.29367730124e-193,China,Asia,
94,1.92482351729e-195,Spain,Western Europe,
94,1.78807983461e-195,Egypt,the Middle East,
94,1.75048531868e-195,Indonesia,South East Asia,
94,1.70011338674e-195,Haiti,Latin America,
94,1.70011338674e-195,Tajikistan,the Commonwealth of Independent States,
94,1.59582892224e-195,Finland,Europe,
94,1.52832162758e-195,Cuba,the Caribbean,
94,1.5077653657e-195,Turkey,Europe,
94,1.41028938693e-195,Bosnia,Europe,
94,1.39265090331e-195,Kosovo,Europe,
95,2.39057162512e-197,Paraguay,South America,
95,2.37741552408e-197,Moldova,Eastern Europe,
95,2.34014390609e-197,Honduras,the Americas,
95,2.32932783718e-197,Kenya,East Africa,
95,2.27410073151e-197,Ontario,Canada,
95,2.27410073151e-197,South Africa,Africa,
95,2.19446618752e-197,Bolivia,the Americas,
95,2.19446618752e-197,Honduras,Latin America,
95,2.12476190869e-197,Pakistan,the Eastern Mediterranean Region,
95,2.01296262108e-197,Nicaragua,the Americas,
96,3.14608431434e-199,Congo,Africa,
96,3.13442019788e-199,Sweden,the EU.,
96,3.11433202597e-199,China,the World,
96,3.08636441045e-199,Yugoslavia,Europe,
96,3.05557495473e-199,Switzerland,Europe,
96,3.04608413113e-199,Ethiopia,Africa,
96,3.04217159857e-199,Finland,Europe,
96,2.66548820465e-199,China,area,
96,2.66548820465e-199,Peru,Latin America,
96,2.47736780178e-199,Xi'an,China,
97,2.76610735923e-201,England,the United Kingdom,
97,2.75452884474e-201,Iowa,the Louisiana Purchase,
97,2.74785249408e-201,El Salvador,Latin America,
97,2.73810112497e-201,Love,earth,
97,2.72110373924e-201,Palestine,the Ottoman Empire,
97,2.71306283801e-201,Moscow,history,
97,2.69866929331e-201,Chile,Latin America,
97,2.67271759128e-201,The Republic of Guinea,West Africa,
97,2.64054468748e-201,China,history,
97,2.63398371362e-201,Iraq,the Ottoman Empire,
98,1.13688248275e-203,Opel,General Motors,
98,1.05224817649e-203,Getronics,KPN,
98,1.0480407056e-203,Iran,OPEC,
98,1.03558513509e-203,Prekmurje,Slovenia,
98,1.02611694571e-203,Romania,Europe,
98,1.02012995486e-203,Iran,the Organization of Petroleum Exporting Countries,
98,1.01930635414e-203,Brittany,France,
98,1.01923275942e-203,The Museum of Science and Industry,Chicago,
98,1.01923275942e-203,Wisconsin,the United States of America,
98,1.01601756465e-203,Lorraine,France,
99,9.86875102027e-206,Molise,Italy,
99,9.86875102027e-206,Piedmont,Italy,
99,9.45614538272e-206,Alberta,Canada,
99,9.38960338589e-206,Catalonia,Spain,
99,9.17766895517e-206,Syrmia,the Roman Empire,
99,9.126906234e-206,Hawkes Bay,New Zealand,
99,9.10359925452e-206,Imereti,Georgia,
99,8.84228900744e-206,Goa,India,
99,8.84022788145e-206,The Hill Country,Texas,
99,8.73124009543e-206,Pembrokeshire,Wales,
100,5.73991016381e-208,Darfur,Western Sudan,
100,5.683260383e-208,Victoria,Australia,
100,5.59171599098e-208,West Flanders,the Flemish Region,
100,5.47366718632e-208,New Mexico,Mexico,
100,5.40134358353e-208,Westphalia,Germany,
100,5.36684998896e-208,Guizhou,China,
100,5.34312447123e-208,Ajmer,British India,
100,5.33242515962e-208,South Africa,Africa,
100,5.12551853999e-208,Algarve,Portugal,
100,5.10360567667e-208,Abruzzo,Italy,
