0,1.0,Sunlight,Vitamin D,
0,1.0,Alcohol,calories,
0,1.0,Alfalfa,calcium,
0,1.0,Almonds,protein,
0,1.0,Almonds,Vitamin E,
0,1.0,Alfalfa,chlorophyll,
0,1.0,Almonds,vitamin E and magnesium,
0,1.0,Almonds,calcium,
0,1.0,Almonds,vitamin E,
0,1.0,Sunlight,vitamin D,
1,0.0367923157997,Tomatoes,lycopene,
1,0.0326970267602,Dairy products,calcium,
1,0.032498551886,Eggs,protein,
1,0.0319718806537,Oysters,zinc,
1,0.0294774522728,Walnuts,omega-3 fatty acids,
1,0.0292678823444,Nuts,protein,
1,0.0282769543577,Potatoes,potassium,
1,0.0272775321559,Apples,pectin,
1,0.0270612770672,Beans,protein,
1,0.0269229300447,Brazil nuts,selenium,
2,0.00258675781783,Vegetables,vitamins,
2,0.00239677244984,Whole grains,fiber,
2,0.0022846084104,Dairy foods,calcium,
2,0.00209372848758,Apples,fiber,
2,0.00205005394847,Legumes,protein,
2,0.0020138130672,Fruits and vegetables,fiber,
2,0.00193037967345,Carrots,beta carotene,
2,0.00189946120551,Nuts,fiber,
2,0.00177974125465,Nuts and seeds,protein,
2,0.0017183871817,Oranges,vitamin C,
3,4.81374176671e-05,Fruits and vegetables,vitamins,
3,3.98444622333e-05,Blueberries,antioxidants,
3,3.89756044632e-05,Beans,fiber,
3,3.72708921972e-05,Avocados,potassium,
3,3.7210098607e-05,Fruits and vegetables,anti-oxidants,
3,3.71649390785e-05,Milk and milk products,calcium,
3,3.63672193475e-05,nuts,protein,
3,3.34796072622e-05,Fruits and vegetables,antioxidants,
3,3.30247196846e-05,Fruits,vitamins,
3,3.32977154594e-05,Milk and dairy products,calcium,
4,5.47097002435e-07,Nuts,fat,
4,4.45250350284e-07,Fruits and vegetables,vitamins and minerals,
4,4.22386066658e-07,Fruits and vegetables,vitamin C,
4,4.09876181811e-07,Citrus fruits,vitamin C,
4,3.84670662329e-07,Carrots,Vitamin A,
4,3.43866202743e-07,Fruits and vegetables,potassium,
4,3.35609234218e-07,Soft drinks,phosphate,
4,3.31790057831e-07,Meats and beans,protein,
4,3.26891648222e-07,Milk and other dairy products,calcium,
4,3.265440382e-07,Walnuts,Omega-3 fatty acids,
5,2.52111717416e-09,Avocados,calories,
5,2.11259539734e-09,Animal products,saturated fats,
5,2.02416346078e-09,Prices,London,
5,1.939317535e-09,Mushrooms,protein,
5,1.86979472996e-09,Fat,calories,
5,1.86646540255e-09,Taxes,Canada,
5,1.8243402893e-09,Farming and fishing,income,
5,1.8243402893e-09,fishing and tourism,income,
5,1.71365128137e-09,Butter,fat,
5,1.71365128137e-09,Eggs,dietary cholesterol,
6,1.84811803602e-11,Honey,fructose,
6,1.55519361397e-11,Fat,energy,
6,1.32336871301e-11,Fat,food energy,
6,1.22022445766e-11,Dietary fat,calories,
6,1.03029231216e-11,Kelp,minerals,
6,8.4368844498e-12,Borage oil,GLA,
6,8.09248069461e-12,Flaxseed oil,ALA,
6,8.08043918512e-12,Cayenne pepper,capsaicin,
6,8.08043918512e-12,Dietary fats,energy,
6,7.42665095816e-12,Juice,sugar,
7,2.62790554113e-13,Salmon,omega-3 fatty acids,
7,2.26599115802e-13,Meat,protein,
7,2.17064524117e-13,Kelp,iodine,
7,2.16790711271e-13,Fish,protein,
7,2.09119647158e-13,Meat,iron,
7,2.01554343987e-13,Spirulina,protein,
7,1.96583394395e-13,Tea,flavonoids,
7,1.89383570448e-13,Red meat,iron,
7,1.87313398375e-13,Milk,calcium,
7,1.8127626509e-13,Olive oil,monounsaturated fat,
8,1.00460294176e-14,Beef,protein,
8,8.40893881643e-15,The Internet,information,
8,8.01421577958e-15,Breast milk,nutrition,
8,7.84246291959e-15,Seafood,protein,
8,7.82395571488e-15,Cheese,calcium,
8,7.77080635293e-15,Fish,lean protein,
8,7.47152726655e-15,Chicken,protein,
8,7.09162427915e-15,Spinach,vitamin K,
8,7.06829231598e-15,Tea,antioxidants,
8,6.90147294141e-15,Milk,vitamin D,
9,1.03783942606e-16,Yogurt,calcium,
9,8.05930698292e-17,The Web,information,
9,7.89876720377e-17,The World Wide Web,information,
9,7.49546050982e-17,Wikipedia,information,
9,6.7030421069e-17,Beef,vitamin B12,
9,6.66869919005e-17,Beef,zinc,
9,5.79107771301e-17,Kale,iron,
9,5.646936914e-17,Green tea,antioxidants,
9,5.49817103108e-17,The Internet,games,
9,5.49445468361e-17,Honey,antioxidants,
10,8.69574035026e-19,The Web site,information,
10,6.90452053223e-19,Cheese,protein,
10,5.84562794676e-19,The Internet,resources,
10,5.49947633027e-19,Virtual Library,information,
10,5.09180527953e-19,Spirulina,vitamins,
10,4.99860000796e-19,Flaxseed,lignans,
10,4.92808128506e-19,Website,information,
10,4.89847152495e-19,Aloe Vera,enzymes,
10,4.87792505579e-19,Turkey,coves,
10,4.69171149912e-19,Broccoli,carotenoids,
11,4.49876434902e-21,Flax,lignans,
11,3.4509622146e-21,life,second chances,
11,3.23820704821e-21,Flax Seed,lignans,
11,3.03373912714e-21,the World Wide Web,information,
11,2.81264082243e-21,Flaxseed oil,omega-3 fatty acids,
11,2.77669124806e-21,Flax seed,lignan,
11,2.66442413109e-21,Alcohol,sugar,
11,2.65726309291e-21,A healthy diet,fruit and vegetables,
11,2.60479068529e-21,Dow Jones Financial Information Services,information services,
11,2.60479068529e-21,The League,services,
12,1.41702960022e-23,Treatment,fluids,
12,1.40789481192e-23,Green Tea,antioxidants,
12,1.2937993921e-23,Cocoa,serotonin,
12,1.26426494255e-23,soy,protein,
12,1.21820036426e-23,A healthy lifestyle,exercise,
12,1.18705100725e-23,Cigarette smoke,oxidative stress,
12,1.15690012037e-23,Barley,dietary fiber,
12,1.14989515272e-23,Spinach,iron,
12,1.09265893228e-23,Tourism,income,
12,1.06644846416e-23,Mother 's milk,amino acids,
13,1.72318409642e-25,Tourism,revenue,
13,1.27911480968e-25,Agriculture,income,
13,9.50070961733e-26,Tourism,foreign exchange,
13,7.31232519553e-26,Green tea,EGCG,
13,6.82534103968e-26,Cigarette smoke,exposure,
13,6.5021906124e-26,Wood,fuel,
13,6.34316823229e-26,The US,tourists,
13,6.33412234376e-26,Hydropower,renewable energy,
13,6.27429901573e-26,Tourism,national income,
13,6.26525919218e-26,Tobacco smoke,indoor air pollution,
14,1.32963251449e-27,Fishing,income,
14,1.30259691866e-27,corn,ethanol,
14,1.24331539795e-27,Radio,information,
14,1.05551125281e-27,Brazil,aquamarine,
14,8.7236424705e-28,Zaire,malachite,
14,8.52446767617e-28,land,wealth,
14,8.14661454907e-28,Fear,cruelty,
14,7.96140515542e-28,television,news,
14,7.75372393709e-28,Potash,potassium,
14,7.48393103777e-28,Cassava,tapioca,
15,1.22647089681e-29,Coal,energy,
15,8.97482201352e-30,Advertising,revenue,
15,8.80526641267e-30,Glucose,energy,
15,8.39649765847e-30,Food,energy,
15,7.53403152793e-30,Oil,foreign exchange,
15,7.53403152793e-30,ground water,drinking water,
15,7.27537356354e-30,Google,information,
15,6.70094475276e-30,Inc.,information,
15,6.24491934469e-30,Salt,sodium,
15,6.21113674508e-30,Gene duplication,new genes,
16,8.04241970342e-32,ATP,energy,
16,7.46248916934e-32,The Lord,strength,
16,7.28969890786e-32,Food,fuel,
16,6.5994595684e-32,Phosphorus,phosphate,
16,6.54386457734e-32,The Web,innovation,
16,6.43181696464e-32,Glucose,fuel,
16,5.82733756599e-32,Rainfall,water,
16,5.68933214185e-32,The Bible,truth,
16,5.04200228766e-32,Poultry,protein,
16,5.04200228766e-32,Water,existence,
17,3.80456931515e-34,DNA,heredity,
17,3.70284242795e-34,God,strength,
17,3.02309946629e-34,Water,life,
17,2.74844059981e-34,DNA,life,
17,2.72903725682e-34,Food,comfort,
17,2.37149264891e-34,Active manuka honey,acid reflux,
17,2.31041078224e-34,TRAMADOL,Diabetic Neuropathy,
17,2.23028044934e-34,Esterel EDA Technologies,Esterel Studio,
17,2.22096085746e-34,VICODIN,attention deficit disorder,
17,2.14309095289e-34,Adderall,ADHD,
18,4.87078429023e-36,Food,life,
18,4.11768897693e-36,Blood,life,
18,3.95810205463e-36,Breathing,life,
18,3.67314960406e-36,Energy,life,
18,3.52402223164e-36,Food,human life,
18,3.51127677656e-36,Oxygen,life,
18,3.4353940449e-36,God,life,
18,3.43256575011e-36,Love,life,
18,3.42988170341e-36,Sleep,life,
18,3.42548112957e-36,Carbon,life,
19,1.40286592353e-37,Eating,life,
19,1.26988081281e-37,Music,life,
19,1.25850853539e-37,Good nutrition,good health,
19,1.25361678937e-37,Salt,life,
19,1.24001932484e-37,Sleep,good health,
19,1.21857784728e-37,Air,life,
19,1.13211403149e-37,Exercise,good health,
19,1.12693446505e-37,Breath,life,
19,1.09273362528e-37,Water,survival,
19,1.08883291816e-37,Sex,life,
20,2.24335904312e-39,stress,life,
20,2.15759368176e-39,Energy,development,
20,2.08751995913e-39,Calcium,bone health,
20,1.96924115501e-39,change,life,
20,1.66938789132e-39,Calcium,healthy bones and teeth,
20,1.65693494307e-39,death,life,
20,1.61798755902e-39,Competition,life,
20,1.57074998124e-39,Vitamin A,vision,
20,1.56009540968e-39,War,life,
20,1.5585165839e-39,Failure,life,
21,4.87786557833e-41,Stress,life,
21,3.78798572994e-41,debt,life,
21,3.25430025778e-41,Work,life,
21,3.10727890759e-41,Change,life,
21,3.01692458932e-41,Conflict,life,
21,2.76547673463e-41,Conflict,organizational life,
21,2.72694599354e-41,Loss,life,
21,2.70024071738e-41,Getting older,life,
21,2.57248653136e-41,Uncertainty,life,
21,2.52357657526e-41,Risk,life,
22,2.1107194444e-42,Death,life,
22,1.39966837218e-42,Pain,life,
22,1.09110414132e-42,Anger,life,
22,1.0445797613e-42,Anxiety,life,
22,1.03975320839e-42,Dying,life,
22,1.02721466552e-42,Change,business,
22,1.02628506491e-42,Fear,life,
22,9.69282155715e-43,Tax,life,
22,9.25032171168e-43,Disappointment,life,
22,8.73007963472e-43,Stress,modern life,
23,1.23710717695e-44,Abortion,a pregnancy,
23,1.18308617624e-44,Death,a life,
23,1.15466376853e-44,Peak oil,oil,
23,1.14127400108e-44,death,existence,
23,1.08544228069e-44,Divorce,marriage,
23,1.07159532348e-44,Laundry,life,
23,1.0715272419e-44,Loneliness,life,
23,1.0715272419e-44,Radha,Krishna,
23,1.06918329747e-44,Music,humanity,
23,1.06918329747e-44,Pain,growth,
24,1.04534073408e-46,Divorce,a marriage,
24,7.42031441606e-47,Vedanta,the Vedas,
24,7.24023525266e-47,Abortion,a life,
24,6.36372046015e-47,Peace,war,
24,6.32071773473e-47,August,summer,
24,6.27718370998e-47,September,summer,
24,5.83117423301e-47,Vedanta,knowledge,
24,5.81892238155e-47,Extinction,a species,
24,5.61780921404e-47,Oxidation,electron,
24,5.38678739269e-47,Meditation,thought,
25,1.23618726306e-48,Labor Day,summer,
25,1.02518591998e-48,Easter,Lent,
25,1.02402985528e-48,Eid al-Fitr,Ramadan,
25,9.79539725367e-49,Eid,Ramadan,
25,9.69305293169e-49,Eid ul-Fitr,Ramadan,
25,8.82881882133e-49,Eid-ul-Adha,Hajj,
25,8.82881882133e-49,Hari Raya Puasa,Ramadan,
25,8.36753556458e-49,Samhain,summer,
25,8.22832099372e-49,Eid-ul-Fitr,Ramadan,
25,8.0642351103e-49,Candlemas,the Christmas season,
26,1.52997859253e-50,Menopause,a woman 's menstrual cycle,
26,1.17274990593e-50,2012,the Mayan calendar,
26,9.97605471893e-51,A zero,input,
26,9.97605471893e-51,Eid Al Fitr,Ramadan,
26,7.88646696157e-51,8 bells,a watch,
26,7.88646696157e-51,A day,summer,
26,7.88646696157e-51,END,a section,
26,7.88646696157e-51,Evening,a former church,
26,7.88646696157e-51,Labor Day weekend,summer,
26,7.88646696157e-51,Number 9,things,
27,1.00254420008e-52,Thanksgiving,peace,
27,9.41106060294e-53,Passover,freedom,
27,7.50967704973e-53,Valentine 's Day,love,
27,6.80527148334e-53,Passover,springtime,
27,6.56795638151e-53,1964,the,
27,6.56795638151e-53,1992,the Decade,
27,6.56795638151e-53,2004,the SCAMPI project,
27,6.56795638151e-53,2006,cheap corn,
27,6.56795638151e-53,2006-2007,the Tenth Plan,
27,6.56795638151e-53,2007-08,EAP.,
28,1.16264412164e-54,Valentines Day,love,
28,1.05104640859e-54,Christmas,joy,
28,8.05172554061e-55,Diwali,lights,
28,7.91659735092e-55,Thanksgiving,tradition,
28,7.58538824397e-55,Thanksgiving,eating,
28,7.51841361102e-55,Chanukah,lights,
28,7.4201540518e-55,Christmas,joy and happiness,
28,7.25111711717e-55,Yule,the Winter Solstice,
28,7.11339295883e-55,Deepavali,lights,
28,7.07314571711e-55,Christmas,life,
29,2.65598344914e-56,Spring,rebirth,
29,2.42788938054e-56,Christmas,celebration,
29,2.39590697372e-56,Spring,new beginnings,
29,2.31776709309e-56,Christmas,peace,
29,2.30672493687e-56,Christmas,good cheer,
29,2.21871008936e-56,Christmas,love,
29,2.10968672451e-56,Spring,renewal,
29,1.89879746957e-56,Christmas,hope,
29,1.87670379005e-56,Advent,preparation,
29,1.77921948683e-56,Christmas,miracles,
30,9.3849356631e-58,Thanksgiving,family,
30,7.85099574427e-58,The New Year,reflection,
30,7.85099574427e-58,The New Year,resolutions,
30,7.81085713432e-58,Spring,change,
30,7.78458456947e-58,January,new beginnings,
30,7.52934311545e-58,Christmas,families,
30,7.38169920983e-58,Christmas,children,
30,7.35526031572e-58,Summer,fun,
30,7.29025715216e-58,Christmas,memories,
30,6.89172382423e-58,New Years,reflection,
31,1.34141141893e-59,Christmas,family,
31,1.09679888942e-59,Halloween,children,
31,1.04924985161e-59,Summer,vacations,
31,1.03629904724e-59,College,experimentation,
31,9.88226038536e-60,Imbolc,purification,
31,9.58017304368e-60,Summer,relaxation,
31,9.30840591408e-60,Christmas,stories,
31,9.24884521696e-60,Memorial Day,picnics,
31,8.39527616766e-60,Halloween,kids,
31,7.74739569397e-60,January,renewal,
32,1.61128880261e-61,Halloween,kids of all ages,
32,1.55077359247e-61,Winter,children,
32,1.47786348091e-61,Christmas,kids,
32,1.44486884605e-61,Halloween,families,
32,1.29473863121e-61,Easter,kids,
32,1.26945206115e-61,Halloween,toddlers,
32,1.13801937882e-61,Christmas,gifts,
32,1.12527765938e-61,Summer,children,
32,8.9878937017e-62,Summer,kids,
32,8.63359358356e-62,Halloween,people of all ages,
33,8.68638185416e-64,Outdoor play,children,
33,7.83336224801e-64,La plagne ski resort,beginners,
33,6.86944540917e-64,A new challenge,Stanley,
33,6.86944540917e-64,A pop-up book,children,
33,6.86944540917e-64,An adventure playground,kids,
33,6.86944540917e-64,Blogging,a writer,
33,6.86944540917e-64,Flow,a few reasons,
33,6.86944540917e-64,Holiday time,children,
33,6.86944540917e-64,Kayaking,a number of reasons,
33,6.86944540917e-64,Life,Bear,
34,6.94734901035e-66,Cap rate,capitalization rate,
34,6.40717456581e-66,Avril,april,
34,5.911486457e-66,Protein,growth,
34,2.51288215137e-66,Handling,a minivan,
34,2.31597896806e-66,FINASTERIDE,cautious users,
34,2.28471645603e-66,Edward,a moment,
34,2.24665236605e-66,METHADONE,pain,
34,2.09502568973e-66,PROPECIA,cautious users,
34,2.07869632378e-66,Springer,interviews,
34,1.99508648633e-66,Andriol,cautious users,
35,4.15654975517e-68,Access,viewers,
35,3.68170572436e-68,Communication,beautiful results,
35,3.68159020003e-68,Communication,large results,
35,3.68038078469e-68,Communication,severe results,
35,3.37169704065e-68,Communication,dark results,
35,3.20618263124e-68,Coffee,addicts,
35,3.05215838599e-68,Color,Mike Young,
35,3.05215838599e-68,Fair,taxes,
35,3.05215838599e-68,Mhz,organization,
35,2.84701779976e-68,Ovulation,fertility,
36,1.45056301155e-70,Admission,members,
36,1.3709768559e-70,Admission,spectators,
36,1.35659770125e-70,METRONIDAZOLE,motorcycles,
36,1.335226816e-70,Entry,members,
36,1.31959355536e-70,Admission,children,
36,1.31959355536e-70,Admission,museum members,
36,1.29697439487e-70,LASIX,motorcycles,
36,1.25676058917e-70,Paypal,consumers,
36,1.25614933559e-70,parking,guests,
36,1.20931466474e-70,Rocky DIAZEPAM,a long story,
37,2.73955487847e-72,Registration,students,
37,2.35026116159e-72,Admission,Cornell students,
37,2.23337663304e-72,Shipping,Australia,
37,2.09961605668e-72,Postage,UK addresses,
37,1.91165956143e-72,Admission,Museum Members,
37,1.85368542767e-72,Program,members,
37,1.81475372506e-72,Participation,students,
37,1.79578671751e-72,Evening,leisure,
37,1.79140131071e-72,Tour de Fat,participants,
37,1.78814340749e-72,Internet access,guests,
38,1.59307556626e-74,Registration,individuals,
38,1.57170552748e-74,Shipping,the USA,
38,1.55079930493e-74,Shipping,the United States,
38,1.52453422883e-74,Membership,individuals,
38,1.42766902753e-74,Shipping,the US.,
38,1.4094637233e-74,Membership,students,
38,1.40331670905e-74,Membership,companies,
38,1.39704001758e-74,Membership,men and women,
38,1.37027522414e-74,Membership,businesses,
38,1.35155242649e-74,Membership,scholars,
39,2.82876489542e-76,Shipping,the US,
39,2.72757371625e-76,Membership,corporations,
39,2.56171785839e-76,Membership,institutions,
39,2.44989707632e-76,Postage,Australia,
39,2.37078713082e-76,Shipping,Canada,
39,2.21575941525e-76,Shipping,USA,
39,1.97105557785e-76,Shipping,the Continental U.S.,
39,1.74176704347e-76,The Contest,employees,
39,1.69950292438e-76,Shipping,the U.S.,
39,1.668737464e-76,The Register,public inspection,
40,1.49944338342e-78,Freight,Australia,
40,1.37473932093e-78,Shipping,Manhattan,
40,1.19437155756e-78,postage,the UK.,
40,1.16262635485e-78,Delivery,Australia,
40,1.10833171511e-78,Shipping,the UK.,
40,1.10269364603e-78,Postage and packaging,the UK.,
40,1.064144878e-78,Postage and packing,the UK.,
40,9.96849366796e-79,TUSSIONEX,debate,
40,9.77332126645e-79,DVDs,the US.,
40,9.77332126645e-79,Delivery,Malaysia,
41,1.20010590744e-80,Delivery,the UK.,
41,4.95430424448e-81,Delivery,the US.,
41,4.39163835207e-81,shipping,the US.,
41,3.86541293759e-81,Delivery,New Zealand,
41,3.62313246641e-81,Massage,China,
41,3.45740453337e-81,Delivery,Jerusalem,
41,3.31019230642e-81,Fishing,Scotland,
41,3.31019230642e-81,Itineraries,South Africa,
41,3.23990962026e-81,Broadband,New Zealand,
41,2.88201266855e-81,Shipping,New Zealand,
42,4.67643277982e-83,Bourbon,the United States,
42,4.22279144309e-83,Courses,London,
42,4.22104829453e-83,Delivery,street address,
42,3.1688703874e-83,Exchanges,30 days,
42,3.00451588567e-83,Courses,the UK.,
42,2.9551822216e-83,Delivery,the United Kingdom,
42,2.91675763869e-83,Delivery,Europe,
42,2.87917358802e-83,Calls,Japan,
42,2.87917358802e-83,Requests,the Library,
42,2.87917358802e-83,Shipments,the United States,
43,1.82764229174e-85,Meetings,person,
43,1.65193920464e-85,Courses,German,
43,1.62114545627e-85,Tryouts,January,
43,1.57123077348e-85,Meetings,the Council Chambers,
43,1.49858617187e-85,Meetings,September,
43,1.47637459504e-85,Meetings,the City Council Chambers,
43,1.4052761095e-85,Meetings,February,
43,1.39643934498e-85,Services,English,
43,1.39013321151e-85,Elections,December,
43,1.37406681555e-85,Events,Atlanta,
44,2.37556743368e-87,Sessions,person,
44,2.27639378696e-87,Auditions,March,
44,2.12776086433e-87,Meetings,Washington,
44,2.03542367595e-87,Lectures,English,
44,1.88381444081e-87,Courses,English,
44,1.86232575123e-87,Interviews,April,
44,1.80877541777e-87,Lectures,German,
44,1.78486417294e-87,Special meetings,person,
44,1.69474383816e-87,Interviews,October,
44,1.53613575206e-87,Hearings,Washington,
45,7.36666057536e-89,Classes,English,
45,4.12214588337e-89,Classes,Japanese,
45,3.95432115615e-89,Interviews,person,
45,3.87051305333e-89,Lessons,English,
45,3.66431425105e-89,Classes,small groups,
45,3.55783805787e-89,Classes,Chinese,
45,3.52880392051e-89,Classes,Spanish,
45,3.38058321032e-89,Classes,French,
45,3.12917935651e-89,Classes,Russian,
45,3.110875273e-89,Classes,German,
46,1.12777065074e-90,Courses,French,
46,9.85296220084e-91,Classes,Arabic,
46,5.44369609475e-91,classes,French,
46,5.27728800347e-91,Discussions and lectures,Japanese,
46,4.80852680801e-91,Courses,Vietnamese,
46,4.65322430635e-91,Courses,Spanish,
46,4.52535906662e-91,Teaching,Spanish,
46,4.51885651034e-91,Class,Spanish,
46,4.44168708727e-91,Studies,English,
46,4.43881920696e-91,Classes,Italian,
47,5.60422983058e-93,Tours,English,
47,5.27042583876e-93,Courses,English and French,
47,5.19357188947e-93,Guided tours,English,
47,4.3902142303e-93,Services,French,
47,4.24405577136e-93,Interfaces,English,
47,4.12622048314e-93,Optional subtitles,English,
47,4.01818064859e-93,Courses,Arabic,
47,3.94336599682e-93,Classes,ballet,
47,3.8612159278e-93,Classes,English and Spanish,
47,3.84263016039e-93,Services,English and Spanish,
48,6.05120340923e-95,Subtitles,English,
48,5.74654871511e-95,Services,Spanish,
48,4.44542538354e-95,Services,person,
48,3.84508462874e-95,Articles,Adobe Acrobat format,
48,3.66802093622e-95,Subtitles,Spanish,
48,3.63595701758e-95,Articles,PDF format,
48,3.61627966312e-95,Tours,Spanish,
48,3.51296203719e-95,Instructions,English,
48,3.46191727432e-95,Data,ASCII format,
48,3.20540541603e-95,Movies,MPG,
49,5.37063621735e-97,Subtitles,English and Spanish,
49,5.16494232595e-97,Seminars,Johnson City,
49,4.53950009117e-97,Seminars,Chattanooga,
49,4.53950009117e-97,Seminars,Murfreesboro,
49,4.15230700309e-97,Programs,Canada,
49,3.88680305786e-97,Graduate programs,business,
49,3.69704416297e-97,Information,Spanish,
49,3.67376983621e-97,Utilities,rent,
49,3.60202419552e-97,Services,Hebrew,
49,3.5925616275e-97,Classes,yoga,
50,1.42335704985e-99,Meetings,English,
50,1.40660677909e-99,Meals,price,
50,1.35631047347e-99,Tax,price,
50,1.27825867839e-99,Shipping cost,price,
50,1.26943106499e-99,Interviews,English or Spanish,
50,1.25822069819e-99,Searches,Medline,
50,1.23663037356e-99,Taxes and gratuities,price,
50,1.22041131031e-99,Subscriptions,membership,
50,1.21765315602e-99,New industries,electronics products,
50,1.18864898541e-99,Posts,English,
51,7.07348193857e-102,Postage,price,
51,7.02923891511e-102,Breakfast,room rate,
51,6.9303398138e-102,GST,price,
51,6.52376337369e-102,Buffet breakfast,price,
51,5.95735097062e-102,Journal subscriptions,membership,
51,5.91429313251e-102,Water,rent,
51,5.70915025653e-102,Insurance,shipping costs,
51,5.68195288447e-102,Sales tax,prices,
51,5.6090509569e-102,Delivery confirmation,shipping costs,
51,5.208102345e-102,Electricity,price,
52,6.09135195922e-104,Tax,prices,
52,6.07925297743e-104,Breakfast,price,
52,4.83760149641e-104,Shipping,order,
52,4.77329642458e-104,Breakfast,stay,
52,4.19318867989e-104,Heat,rent,
52,4.08553162696e-104,Lunch,registration,
52,4.02281334374e-104,Breakfast,room prices,
52,4.00491799083e-104,Shipping,prices,
52,3.90506588129e-104,Shipping,cost,
52,3.86248949271e-104,5 % GST,prices,
53,2.74877082499e-106,Milk,lunch,
53,2.54294370925e-106,Childcare,reservation,
53,2.53898364058e-106,Garden Festival,regular Epcot admission,
53,2.35389845436e-106,A subscription,membership,
53,2.35389845436e-106,Admission,conference registration,
53,2.35389845436e-106,Milk,hot lunch,
53,2.35389845436e-106,Tour,museum admission,
53,2.24743812049e-106,Parking,validation,
53,2.1801999447e-106,Personalization,product price,
53,2.1801999447e-106,SQLite,Mac OS X,
54,1.3261908662e-108,Childcare,advance registration,
54,1.01491065258e-108,Advising,appointment,
54,9.1056488632e-109,Childcare,pre-registration,
54,8.87066037933e-109,Lunch and dinner,local restaurant,
54,8.78689538276e-109,Data,request,
54,8.76008610563e-109,Technical support,telephone or email,
54,8.55921927618e-109,Lunch,12:00,
54,8.43791674951e-109,Childcare,advance reservation,
54,8.43791674951e-109,Free childcare,advance reservation,
54,8.42742974356e-109,Lunch,local restaurant,
55,1.42964301944e-110,Lunch,a local restaurant,
55,9.7168030313e-111,Lunch,the Lodge,
55,9.07074963154e-111,Dinner,hotel,
55,8.10847813963e-111,Dinner,a local restaurant,
55,6.99949993326e-111,Lunch,12:00 noon,
55,6.96895780993e-111,Dinner,6:30 pm,
55,6.05190240742e-111,Lunch,a nearby restaurant,
55,5.47346978191e-111,Dinner,the Lodge,
55,5.3200534393e-111,Dinner tonight,a local restaurant,
55,5.29430574934e-111,Dinner,the Hotel,
56,1.70955071598e-112,Lunch,a selected local restaurant,
56,1.62481016945e-112,Breakfast,the Hotel,
56,1.55490718824e-112,Breakfast,hotel,
56,1.38864689097e-112,Dinner,a restaurant,
56,1.01429288095e-112,Dinner,local restaurant,
56,1.00167534908e-112,Lunch,a typical restaurant,
56,9.86311862092e-113,Lunch,a charming local restaurant,
56,9.72785029426e-113,VAT,15 %,
56,9.6692919733e-113,Lunch,a nice local restaurant,
56,9.42873207679e-113,Overnight stay,Munnar,
57,7.69911714038e-115,Lunch,11:30 a.m.,
57,6.75732692246e-115,Dinner,7:30,
57,6.01758556568e-115,dinner,6:30,
57,5.57485208367e-115,Continental breakfast,8:30 a.m.,
57,5.56220342585e-115,Lunch,12:15 p.m.,
57,5.5614865078e-115,Lunch,12:00 p.m.,
57,5.52461963327e-115,Refreshments,intermission,
57,5.51822323836e-115,Lunch,1:00 p.m.,
57,5.51822323836e-115,Refreshments,3:45 p.m.,
57,5.41320373627e-115,Breakfast,8 a.m.,
58,9.33049060903e-117,Breakfast,7:30 a.m.,
58,9.07725811109e-117,Breakfast,8am,
58,9.04905871276e-117,Breakfast,8:00 a.m.,
58,9.0255159321e-117,Lunch,12 noon,
58,8.83017740165e-117,Breakfast,7 a.m.,
58,7.59700574902e-117,Dinner,7pm,
58,7.58835948003e-117,Refreshments,6:30 p.m.,
58,7.56514505646e-117,Refreshments,9:30 a.m.,
58,7.41160837862e-117,Dinner,7:00 pm,
58,7.14610392381e-117,Lunch,11 a.m.,
59,1.69549322269e-118,Show,9pm,
59,1.67193952642e-118,Charity,home,
59,1.63007963341e-118,Registration,9am,
59,1.60941950954e-118,Change,home,
59,1.51136237969e-118,Show,7:30,
59,1.50857469398e-118,Life,40,
59,1.4944772094e-118,Concert,8pm,
59,1.46603703286e-118,Dinner,6 pm,
59,1.42860768142e-118,Music,8pm,
59,1.3782172715e-118,Show,8 p.m.,
60,1.80837800647e-120,Peace,home,
60,1.68288032053e-120,life,conception,
60,1.34997431189e-120,Training,an early age,
60,1.33451462957e-120,Homeland security,home,
60,1.28815687266e-120,Show,8:30,
60,1.28517885828e-120,Music,7pm,
60,1.18343858902e-120,Show,7pm,
60,1.15864059312e-120,Distributions,age 70 1/2,
60,1.15622299174e-120,Drug education,home,
60,1.12308848957e-120,Music,9 p.m.,
61,9.31115132692e-123,Regime change,home,
61,7.34865925518e-123,Show,9:00,
61,6.50183565812e-123,Array indices,0.,
61,6.36234618063e-123,Conservation,home,
61,6.11044305829e-123,training,an early age,
61,5.6219741162e-123,Anti-Semitism,Hampshire,
61,5.61409511475e-123,Education,a young age,
61,5.61409511475e-123,Feminism,home,
61,5.61409511475e-123,Human rights education,school,
61,5.61409511475e-123,Play,7.30pm,
62,5.19194999752e-125,Line numbers,1,
62,3.93453716365e-125,Meetings,7pm,
62,3.68731642975e-125,Tournaments,10 a.m.,
62,3.65622461695e-125,deductibles,$ 250,
62,3.41316165499e-125,Meetings,7.30pm,
62,3.34939233018e-125,Programs,10:30 a.m.,
62,3.29859027712e-125,Performances,8pm,
62,3.22382876382e-125,Presentations,7pm,
62,3.20959378985e-125,Indices,0.,
62,3.15803797346e-125,Events,10 a.m.,
63,2.58490496321e-127,Classes,6:00 pm,
63,2.26172721316e-127,Meetings,6:30 p.m.,
63,2.25134952239e-127,Rehearsals,7:00 pm,
63,2.15009297763e-127,Rows,zero,
63,1.98300447917e-127,Meetings,7:00 p.m.,
63,1.79510307591e-127,Shows,10:00 a.m.,
63,1.58694906499e-127,Classes,1 pm,
63,1.55210668352e-127,Contacts,01.01.1997,
63,1.55210668352e-127,Contacts,01.01.1999,
63,1.55210668352e-127,Planes,0 upwards,
64,2.05588520395e-129,Classes,9:00 a.m.,
64,1.38871911573e-129,Rehearsals,7:30 p.m.,
64,1.35037781379e-129,Sessions,9:00 a.m.,
64,1.22516767776e-129,Meetings,6:00pm,
64,1.14835523128e-129,Meetings,7:00 pm,
64,1.1370458755e-129,Meetings,7:30 p.m.,
64,1.1370458755e-129,Sessions,9 a.m.,
64,1.08109934574e-129,Meetings,9:00 a.m.,
64,1.04346113543e-129,Classes,8:00 a.m.,
64,1.03877558766e-129,Classes,9 a.m.,
65,1.25006245601e-131,Meetings,3:00 pm,
65,9.98147610228e-132,Show times,7:30 p.m.,
65,9.01243920064e-132,Classes,8 a.m.,
65,8.8256116752e-132,Trains,London Victoria,
65,8.58262872784e-132,Trains,London,
65,7.80753056321e-132,Beginner lessons,7 p.m.,
65,7.70709847448e-132,Services,10 a.m.,
65,7.36168230966e-132,lives,stake,
65,6.92147716011e-132,Meetings,6:00 p.m.,
65,6.80423167861e-132,Don,technology,
66,6.72730263149e-134,Trains,London Bridge,
66,5.88653107554e-134,rivers,seas,
66,5.69196779489e-134,Trains,London Waterloo,
66,5.40881297e-134,Services,11 a.m.,
66,5.38503470882e-134,Trains,Glasgow,
66,4.47319781818e-134,Frequent buses,Palermo,
66,4.47319781818e-134,Regular buses,Sofia,
66,4.31231655046e-134,Frequent trains,Waterloo Station,
66,4.31231655046e-134,Party bookings,a set schedule,
66,4.31231655046e-134,Trains,Kuala Lumpur,
67,1.85913445851e-136,New elections,15 October 2006,
67,1.85913445851e-136,New elections,March 5,
67,1.76230332138e-136,Funeral services,1 p.m.,
67,1.74226809766e-136,Funeral services,11:00 a.m.,
67,1.65328010953e-136,Memorial services,10 a.m.,
67,1.60846399557e-136,Services,10:30 a.m.,
67,1.50616362607e-136,Elections,2004,
67,1.46451209501e-136,Quotas,age,
67,1.44793402819e-136,Elections,September,
67,1.42552047391e-136,Elections,April,
