1,0.184449566249,are an excellent source of
1,0.149241748215,are high in
1,0.140123290537,is high in
1,0.114153589075,is a source of
1,0.108399099939,are a rich source of
1,0.107641869168,is also high in
1,0.101749156004,are also an excellent source of
1,0.101308902632,are a leading source of
1,0.0988731078162,is very high in
1,0.092988784424,are rich in
2,0.0120746413425,are a great source of
2,0.0111785145756,are a good source of
2,0.00691238620536,are also a good source of
2,0.00681795362794,are the best source of
2,0.00608379228235,are excellent sources of
2,0.00568943345695,are good sources of
2,0.00558373813021,are full of
2,0.00557538095989,are also a great source of
2,0.00549006998169,are very high in
2,0.00502033945413,are an important source of
3,0.000381665501798,are great sources of
3,0.000280225815935,are also high in
3,0.000265239027975,are rich sources of
3,0.000225292506272,are also rich in
3,0.000215847743457,are rich source of
3,0.000215309316628,contain a lot of
3,0.000208534062688,are a major source of
3,0.000206921128879,are loaded with
3,0.000205384497341,are powerhouses of
3,0.000202284139813,are chock full of
4,5.97646273155e-06,are particularly high in
4,5.45114526066e-06,contain lots of
4,4.4955345347e-06,are natural sources of
4,4.14071766181e-06,are the best sources of
4,4.08776804781e-06,are packed with
4,3.84098895412e-06,are important sources of
4,3.6235160412e-06,are major sources of
4,3.47288491698e-06,are naturally high in
4,3.15266936048e-06,are terrific sources of
4,3.03575904961e-06,provide the wide range of
5,4.16782565249e-08,may be high in
5,3.40321342456e-08,are the main sources of
5,3.02109733116e-08,are tops for
5,2.81408875297e-08,contain high concentrations of
5,2.5700461217e-08,may contain a lot of
5,2.55803182301e-08,do contain a lot of
5,2.5126760835e-08,contain a high level of
5,2.49954355394e-08,are primarily made of
5,2.49306322101e-08,are generally high in
5,2.45594199265e-08,are relatively high in
6,1.71468930194e-10,is the most concentrated source of
6,1.43222058709e-10,is a very concentrated source of
6,1.36714683821e-10,are brimming with
6,1.34591081336e-10,is a concentrated source of
6,1.28585905459e-10,have LOTS of
6,1.22820142383e-10,is the most concentrated form of
6,1.16961341638e-10,is concentrated source of
6,1.11380146629e-10,are cheaper than
6,1.11052831247e-10,also contain a high amount of
6,1.07379595319e-10,contain high amounts of
7,1.92852942348e-12,is a rich source of
7,1.24461539034e-12,is a highly concentrated source of
7,1.08472353045e-12,is rich in
7,1.03495948164e-12,is an important source of
7,9.58161434668e-13,is fairly high in
7,9.31401560041e-13,provides a concentrated source of
7,9.08833095864e-13,is a concentrated form of
7,8.27983691368e-13,is a good source of
7,7.9694424365e-13,is primarily composed of
7,7.5672709128e-13,is a great source of
8,8.94817518163e-14,is an excellent source of
8,3.88183822991e-14,is the best source of
8,3.55704927504e-14,is also a good source of
8,3.14883112306e-14,is particularly rich in
8,2.98917773171e-14,is a wonderful source of
8,2.82029367116e-14,is also an excellent source of
8,2.731828404e-14,contains a lot of
8,2.60827264426e-14,is a natural source of
8,2.58552435422e-14,is a key source of
8,2.41020608387e-14,is a major source of
9,9.12791411642e-16,is also a very good source of
9,8.31979838251e-16,is a very good source of
9,7.62786608566e-16,is the number one source of
9,7.28199885755e-16,is also a great source of
9,7.13194961347e-16,is a great source for
9,7.0075018788e-16,is full of
9,6.97093654653e-16,also is an excellent source of
9,6.10124040227e-16,is a vast source of
9,5.92357793342e-16,is a vast resource of
9,5.72649743166e-16,can be a wonderful source of
10,8.81927181106e-18,contains a wealth of
10,8.01996145864e-18,is an amazing source of
10,7.34359142675e-18,can be an excellent source of
10,7.20717327541e-18,is also a rich source of
10,6.91565445682e-18,is a great resource for
10,6.87877535259e-18,contains a vast amount of
10,6.31073248727e-18,is a treasure chest of
10,6.27190587675e-18,is not an indiscriminate collection of
10,5.97628247904e-18,is good source of
10,5.57741168286e-18,offers a wealth of
11,5.43889122282e-20,provides a wealth of
11,4.62111660145e-20,contains lots of
11,4.42288319563e-20,is an additional source of
11,4.35457294211e-20,displays a wealth of
11,4.07785136725e-20,offers a menu of
11,4.06389709408e-20,is the richest known source of
11,4.00392489324e-20,features a wealth of
11,3.91007262857e-20,holds a variety of
11,3.88592944786e-20,is the richest source of
11,3.54186974077e-20,is FULL of
12,2.37951172179e-22,is a superb source of
12,2.31614208529e-22,contains abundant amounts of
12,2.11979856433e-22,is a potent source of
12,1.9753065927e-22,includes plenty of
12,1.62903387276e-22,contains huge amounts of
12,1.57302923631e-22,also has high levels of
12,1.4419120078e-22,has become a major source of
12,1.40263597307e-22,is all about
12,1.3721436747e-22,is largely made of
12,1.34827115186e-22,also contains large amounts of
13,8.96362071873e-25,is also an important source of
13,7.87382571995e-25,is still an important source of
13,7.8422787095e-25,is the main source of
13,7.75976489661e-25,is also a major source of
13,7.11569381232e-25,also contains high concentrations of
13,7.09793761399e-25,is a dietary source of
13,7.09664059634e-25,extract contains
13,7.06671267758e-25,is a proven source of
13,6.85783535062e-25,is the leading source of
13,6.8103235131e-25,is also a natural source of
14,1.71716805963e-26,is the chief source of
14,1.58926110854e-26,is another important source of
14,1.3341041769e-26,is the major source of
14,1.24862988293e-26,is becoming an increasingly important source of
14,1.12243421495e-26,is the principal source of
14,1.08659703477e-26,has become a vital source of
14,9.93932962906e-27,is a significant source of
14,9.764081686e-27,remained the main source of
14,9.69892156013e-27,was the primary source of
14,8.45548395225e-27,is the most significant source of
15,1.17826972821e-28,is the primary source of
15,9.62634370467e-29,is our main source of
15,7.70375342473e-29,is not the only source of
15,6.91947735248e-29,is the principle source of
15,6.90207412352e-29,is the parent of
15,6.62339044327e-29,is its main source of
15,6.62339044327e-29,was always a source of
15,6.61797873851e-29,is the second source of
15,6.58665078895e-29,remains a major source of
15,6.57704155618e-29,is an important item of
16,1.0474555748e-30,is a vital source of
16,8.23413599857e-31,is the body 's source of
16,7.36841346987e-31,is our source of
16,7.36304385618e-31,is their main source of
16,7.12342192378e-31,is the body 's main source of
16,6.35651262781e-31,was the future of
16,6.13416210218e-31,is the cheapest source of
16,6.06334725326e-31,is our only source of
16,5.78234645318e-31,was a popular source of
16,5.57224495233e-31,is the body 's primary source of
17,4.13679311915e-33,is the molecule of
17,4.00374195513e-33,is a big source of
17,3.96412152221e-33,is clothed with
17,3.8937718771e-33,is the supplier of
17,3.87008456755e-33,has been my source of
17,3.80613379121e-33,shall give
17,3.44160149011e-33,is used for
17,3.42500409579e-33,is so important for
17,3.41474927268e-33,created a platform for
17,3.3656014526e-33,is your source of
18,3.84836793395e-35,is the source of
18,2.74632628934e-35,is the building block of
18,2.6186624758e-35,was my source of
18,2.53141674414e-35,is the basis of
18,2.40646326788e-35,is the essence of
18,2.3231456114e-35,is the basic unit of
18,2.30400001243e-35,is the elixir of
18,2.2776175397e-35,is essential for
18,2.24650597588e-35,can be a source of
18,2.15164617863e-35,is a basic necessity of
19,1.076534178e-36,is essential to
19,7.68382776869e-37,is vital to
19,6.95452842883e-37,is necessary for
19,6.93332984987e-37,is a necessary part of
19,5.98731655358e-37,is fundamental to
19,5.89437320274e-37,is a necessity of
19,5.70960100652e-37,is the foundation of
19,5.55521496291e-37,is the force of
19,5.54963014247e-37,is an essential part of
19,5.5429451912e-37,is the stuff of
20,1.8284408064e-38,is vital for
20,1.68390566389e-38,is important for
20,1.66765220923e-38,is an essential to
20,1.55087023729e-38,is a celebration of
20,1.48847788007e-38,is a natural part of
20,1.44221101183e-38,is absolutely necessary for
20,1.32178296767e-38,is essential not only to
20,1.31734787322e-38,is the breath of
20,1.2537902845e-38,is the key to
20,1.25233556531e-38,is a fact of
21,2.63290625265e-40,has become a fact of
21,2.5317109721e-40,is an inevitable fact of
21,2.52206849872e-40,is an unavoidable consequence of
21,2.34510714736e-40,is a part of
21,2.18661369506e-40,is an inevitable part of
21,2.07643312475e-40,is a daily fact of
21,1.96643432389e-40,is needed for
21,1.7978197521e-40,is just a fact of
21,1.7129471643e-40,is just part of
21,1.68446264285e-40,is a way of
22,1.10023925392e-41,is an unavoidable part of
22,8.46746757544e-42,is part of
22,8.23360155196e-42,is a normal part of
22,6.38942020508e-42,is a reality of
22,6.12969033278e-42,is a daily part of
22,6.12764116921e-42,is inevitable in
22,5.7468595272e-42,is an unavoidable aspect of
22,5.25144205179e-42,is just a part of
22,4.82929038125e-42,is an integral part of
22,4.50196313145e-42,is an important part of
23,2.31821055212e-43,is an inescapable part of
23,1.64711748688e-43,is an unfortunate part of
23,1.58374650365e-43,is an inescapable fact of
23,1.54424707736e-43,is not the end of
23,1.4956784035e-43,may be a part of
23,1.38903121984e-43,is not a natural part of
23,1.37869029565e-43,is the termination of
23,1.35351973466e-43,is inherent in
23,1.33006576183e-43,is very much a part of
23,1.28409198446e-43,is the end of
24,1.00730693117e-45,means the end of
24,8.92850846751e-46,does not mean the end of
24,8.2605415547e-46,is the intentional termination of
24,8.1208360745e-46,is the ending of
24,6.93277745742e-46,is the loss of
24,6.16347897755e-46,is the legal termination of
24,6.10731249468e-46,will not be the end of
24,6.07133006643e-46,does not mean an end to
24,6.06251979438e-46,is the annihilation of
24,5.86311996496e-46,is termination of
25,1.2724842074e-47,marks the end of
25,7.4064014963e-48,is the legal dissolution of
25,6.17533939573e-48,is the death of
25,5.43706269334e-48,is not only the absence of
25,5.40206135591e-48,is not an absence of
25,5.30730013372e-48,is not merely the absence of
25,5.25495996519e-48,is the dissolution of
25,5.24282572617e-48,is the official end of
25,5.22090034954e-48,is the splitting of
25,5.11346950999e-48,is not only the end of
26,2.40909533781e-49,signifies the end of
26,1.05306105593e-49,marks the unofficial end of
26,1.0437115769e-49,signals the end of
26,1.00371647073e-49,marks the traditional end of
26,8.19188160776e-50,may signal the end of
26,8.00672996879e-50,traditionally marks the end of
26,7.47966910993e-50,also marks the end of
26,7.12796648725e-50,celebrates the end of
26,5.91837847888e-50,brings an end to
26,5.91164760354e-50,may mark the end of
27,5.87278920772e-52,is the last year of
27,3.94002548066e-52,indicates the end of
27,3.79829551387e-52,is the holiday of
28,8.26886513147e-54,is the festival of
28,7.63593721751e-54,is a holiday of
28,6.65328815931e-54,was a celebration of
28,6.57629091474e-54,is the celebration of
28,5.71875428521e-54,is the time of
28,4.8759538585e-54,is a day for
28,4.70549534868e-54,experiences the joys of
28,4.69845215462e-54,is time for
28,4.6618846483e-54,is a day of
28,4.5986526761e-54,is the Jewish holiday of
29,1.42409744267e-55,is a time of
29,1.26828240086e-55,is supposed to be a time of
29,9.22979820053e-56,is a festival of
29,8.70975021725e-56,is the season of
29,7.97066499965e-56,is the time for
29,7.92848211178e-56,should be a time of
29,6.56273236936e-56,is supposed to be a time for
29,6.04887385597e-56,was synonymous with
29,5.91465273208e-56,is a season of
29,5.69293013375e-56,is obviously about
30,9.02231624486e-57,is a time for
30,4.42489535629e-57,is traditionally a time of
30,3.78385032164e-57,is about
30,3.51614804858e-57,is the season for
30,2.8216635938e-57,is always a time of
30,2.41371233095e-57,may be the season of
30,2.34272926069e-57,is a traditional time of
30,2.19683984452e-57,is a good time for
30,1.80100871328e-57,was a time for
30,1.78573896564e-57,is a season for
31,1.18192909837e-58,is traditionally a time for
31,1.06860979967e-58,is also a time for
31,9.04059677474e-59,is the perfect time for
31,8.81819609456e-59,is for
31,8.24001696756e-59,has always been a time for
31,7.60870338075e-59,is a very special time for
31,7.58069743287e-59,is typically a time for
31,7.30442553719e-59,is a wonderful time for
31,5.76952445778e-59,is a magical time for
31,5.64128898414e-59,is a month of
32,1.58997874344e-60,is a holiday for
32,1.3321484663e-60,is a fun time for
32,1.23491856992e-60,is an exciting time for
32,1.14314665399e-60,may be a time for
32,1.03402800452e-60,is a favorite holiday for
32,1.01418837366e-60,is a great time for
32,9.15023310623e-61,is fun for
32,8.90356695808e-61,is a fun holiday for
32,7.227465613e-61,sends a mixed message to
32,6.22814680619e-61,is truly about
33,2.11264249107e-62,is exciting for
33,1.53392421599e-62,can be an exciting time for
33,1.34030096723e-62,is a special season for
33,1.12654567755e-62,can be fun for
33,1.11714786831e-62,is fun time for
33,8.34350402935e-63,is a celebration for
33,8.09879039246e-63,is n't just for
33,7.53974077693e-63,is season for
33,6.79599376599e-63,is a great holiday for
33,6.78602217765e-63,is n't the same without
34,5.51443268654e-65,is meticulous for
34,5.13491503112e-65,is compact for
34,5.11743531024e-65,is sharp for
34,4.37975158212e-65,is friendly for
34,4.37864773649e-65,is elegant for
34,4.37553392152e-65,is lightweight for
34,4.30313333342e-65,is aware for
34,4.30313333342e-65,is glad for
34,4.30313333342e-65,is immense for
34,4.22132111199e-65,is chic for
35,8.77351873517e-67,is subjective for
35,7.761135207e-67,is veritable for
35,7.0524950434e-67,is stiff for
35,7.00383275268e-67,is commercial for
35,7.00383275268e-67,is multiple for
35,6.89027201785e-67,is subsequent for
35,6.89027201785e-67,is unheard for
35,6.66098175181e-67,is impartial for
35,6.66098175181e-67,is uncontrolled for
35,6.19884961453e-67,is attractive for
36,2.86847226823e-69,is alert for
36,1.96981711975e-69,is blind for
36,1.96864196253e-69,is requisite for
36,1.95878420215e-69,is dense for
36,1.94541143585e-69,is plain for
36,1.94541143585e-69,is private for
36,1.92196221614e-69,is gothic for
36,1.92196221614e-69,is visual for
36,1.92196221614e-69,is widespread for
36,1.90470527291e-69,is free for
37,3.41724960516e-71,is free to
37,1.67483332867e-71,will be free for
37,6.50318149068e-72,is always free to
37,6.47859610459e-72,would be free to
37,6.38574027697e-72,is always free for
37,6.20756253026e-72,varies for
37,6.0561175307e-72,is restricted for
37,5.35284588206e-72,is only open to
37,5.24763908084e-72,was restricted to
37,5.16323235732e-72,is strictly for
38,1.98206808144e-73,is open to
38,1.25693140793e-73,is not too expensive for
38,1.20946163542e-73,will be waived for
38,1.16199342491e-73,is free anywhere in
38,1.14715218003e-73,is still open for
38,1.13174010431e-73,is FREE to anywhere in
38,1.00712435355e-73,included within
38,1.00490234403e-73,will remain free for
38,9.58287414289e-74,is free within
38,9.48982561249e-74,included to
39,2.30392969247e-75,is also open to
39,2.23166346182e-75,is not open to
39,2.07694036834e-75,is included within
39,1.88590744983e-75,shall be open to
39,1.83692009518e-75,is free in
39,1.67402651469e-75,is only available to
39,1.48151345644e-75,is free to anywhere in
39,1.33836922118e-75,is limited to
39,1.33743240807e-75,is FREE in
39,1.28384186527e-75,is offered to
40,2.40011129891e-77,is FREE within
40,2.28815764026e-77,is always free in
40,2.04427184856e-77,is currently restricted to
40,1.78172105857e-77,will be FREE to
40,1.43412201653e-77,will be free in
40,1.39109191234e-77,is only to
40,1.35201309053e-77,will be to
40,1.29581332962e-77,is available to anywhere in
40,1.29077669536e-77,is charged from
40,1.26281106198e-77,is open for
41,7.36291577079e-80,arranged throughout
41,6.09668683999e-80,is FREE anywhere in
41,6.07221196444e-80,is only within
41,6.01781395353e-80,is available anywhere within
41,5.84934602175e-80,is free throughout
41,5.59388192784e-80,is available all over
41,5.5255190418e-80,is made within
41,5.38629954266e-80,is available anywhere in
41,4.90640534931e-80,is shown for
41,4.66126278158e-80,are generally more expensive in
42,5.97446359356e-82,can be arranged anywhere in
42,5.97446359356e-82,can be made anywhere in
42,5.97446359356e-82,can only be made within
42,5.93301359105e-82,can be arranged throughout
42,5.64148887018e-82,can only be made to
42,5.07288549262e-82,is delivered by
42,5.00842050265e-82,can be anywhere within
42,4.19604205156e-82,is available throughout
42,3.8631411931e-82,is only available in
42,2.4712574952e-82,is not available outside of
43,2.34745121132e-84,are held in
43,2.1338599654e-84,are held mainly in
43,2.08763900491e-84,are now offered in
43,1.73770126292e-84,can be held in
43,1.68077675508e-84,will not be made after
43,1.65692092643e-84,are taking place in
43,1.61701524202e-84,are currently available in
43,1.57388146046e-84,can be taken in
43,1.57046656727e-84,may be made within
43,1.54020979633e-84,can be delivered throughout
44,1.8855175504e-86,are generally held in
44,1.83549307503e-86,will be held in
44,1.73200153944e-86,may be held in
44,1.55111611011e-86,are offered in
44,1.44433970359e-86,could be held in
44,1.41819780428e-86,resume in
44,1.38851697432e-86,may be conducted in
44,1.31474798257e-86,are usually held in
44,1.26125959344e-86,are held the third Thursday of
44,1.24811658355e-86,are typically held in
45,2.79769080876e-88,were held in
45,2.53668809762e-88,are given in
45,2.32236948488e-88,will be conducted in
45,2.20462615436e-88,will be taught in
45,2.12370047441e-88,are conducted in
45,2.01511228164e-88,are generally given in
45,1.91876444252e-88,can be conducted in
45,1.89385628623e-88,begin in
45,1.63862288076e-88,are in
45,1.58176838638e-88,are taught in
46,9.4240158721e-90,are conducted entirely in
46,6.47232897236e-90,will be conducted entirely in
46,5.92129660191e-90,are taught mainly in
46,5.55074861933e-90,are taught entirely in
46,4.60174120245e-90,will be offered in
46,4.55193933683e-90,are generally taught in
46,4.52914470035e-90,are taught primarily in
46,4.46235805067e-90,can be taught in
46,4.31758675046e-90,are also taught in
46,4.25745834202e-90,are taught exclusively in
47,5.44429393209e-92,are available in
47,5.36020394371e-92,are hold in
47,5.36020394371e-92,are mainly given in
47,5.32299071309e-92,can be dispensed in
47,5.2796069796e-92,offered in
47,5.26124419917e-92,are already available in
47,5.25812775819e-92,taught primarily in
47,5.23474524752e-92,are also given in
47,5.14532061692e-92,are mostly given in
47,5.14532061692e-92,are normally taught in
48,5.66275575226e-94,are also available in
48,4.61659633782e-94,are provided in
48,4.40219135385e-94,were taught in
48,3.65811133826e-94,were given in
48,3.52467128458e-94,are guided in
48,3.25200867771e-94,are only available in
48,3.01194659076e-94,provided in
48,2.78742123328e-94,can be given in
48,2.47745939014e-94,are normally conducted in
48,2.42780575021e-94,are mainly conducted in
49,8.16369092415e-96,are also provided in
49,7.55130395808e-96,are also offered in
49,5.85756408107e-96,are included in
49,4.75358807237e-96,can be accessed in
49,3.81640759519e-96,also provided in
49,3.67939411366e-96,are delivered in
49,3.55714801918e-96,have been provided in
49,3.54072133679e-96,are only in
49,2.95543282133e-96,are present in
49,2.92790087834e-96,are generally in
50,2.60890290884e-98,have also been included in
50,2.52410797268e-98,are going to be in
50,2.20573178523e-98,also are offered in
50,2.04257406729e-98,were conducted in
50,2.0348592797e-98,is also available in
50,1.9657015215e-98,have been started in
50,1.93490933525e-98,are included with
50,1.89100538325e-98,not included in
50,1.86289049981e-98,are currently being offered in
50,1.86257259333e-98,include a blend of
51,1.00788342422e-100,are a benefit of
51,7.16750457353e-101,is included in
51,6.58341430987e-101,are not provided in
51,6.35401325891e-101,are also being established in
51,6.27745044054e-101,are complimentary with
51,6.22240721358e-101,included in
51,5.88132466813e-101,are not sold without
51,5.54642192202e-101,inclusive of
51,5.53810197664e-101,are to be in
51,5.38763723552e-101,are automatically included with
52,6.13730395189e-103,included with
52,6.12636651497e-103,is not included in
52,5.71800570127e-103,will be added to
52,3.51565545276e-103,is included into
52,3.38458793935e-103,is included to
52,3.09996040204e-103,must be included in
52,2.7660817939e-103,slides for
52,2.69732348159e-103,will be included in
52,2.66983785651e-103,continues to climb in
52,2.43900393992e-103,has been removed from
53,6.4659399698e-105,is include in
53,4.06254677327e-105,is included with
53,3.40128723161e-105,is provided with
53,3.34761850328e-105,is free with
53,2.82181954687e-105,is excluded in
53,2.80313934769e-105,are included into
53,2.65687259075e-105,is not included on
53,2.61152392247e-105,is added at
53,2.60582975585e-105,is inclusive in
53,2.53966336071e-105,will be calculated per
54,1.44983870815e-107,provided with
54,1.28700522301e-107,is always available by
54,1.28334760192e-107,is available free by
54,1.26879570464e-107,is only available at
54,1.17749402225e-107,is available with
54,1.15498504878e-107,is available by
54,1.12908801572e-107,is served with
54,1.02512283888e-107,is provided at
54,9.80579744493e-108,is served at
54,9.7900024866e-108,will be available upon
55,7.69990233974e-110,will be arranged at
55,6.55684237563e-110,will be served at
55,5.79730228131e-110,will serve at
55,5.62633113847e-110,serve at
55,5.51884820225e-110,will be at
55,5.42357827747e-110,offered with
55,4.77648333552e-110,is scheduled by
55,4.48440863061e-110,will be served in
55,4.33602478495e-110,can be forwarded upon
55,4.26366312029e-110,is catered from
56,1.44536701171e-111,is arranged at
56,1.35274909201e-111,will be enjoyed at
56,1.28251378161e-111,is included at
56,1.18982169198e-111,is at
56,1.11205334856e-111,will be provided at
56,1.10003891353e-111,is served in
56,1.03850895788e-111,included at
56,1.02912425629e-111,will be taken in
56,9.12513892563e-112,will be arranged in
56,8.81447014035e-112,is enjoyed at
57,9.02537733589e-114,served at
57,8.30385670289e-114,will be taken at
57,8.03164209698e-114,served in
57,7.90877132615e-114,is a new alternative to
57,7.23148326921e-114,will be serve at
57,6.9799588982e-114,is complementary at
57,6.31419547054e-114,is in
57,5.99275881294e-114,provided at
57,5.93386174792e-114,was also at
57,5.50773353509e-114,is Not Served in
58,7.53849622952e-116,will be served beginning at
58,7.41743337814e-116,will be available at
58,6.37352756792e-116,is served from
58,6.33801208511e-116,is served starting at
58,6.20438923905e-116,was served at
58,5.4255930463e-116,will begin at
58,4.86616548502e-116,served from
58,4.77518610004e-116,is served
58,4.73317507955e-116,will be served from
58,4.39484747295e-116,will be offered at
59,1.74424003599e-117,starts at
59,1.14657039457e-117,begins at
59,9.21337304991e-118,was served promptly at
59,8.15825638229e-118,is usually served at
59,7.89630906608e-118,is served around
59,7.58647868001e-118,is served daily at
59,7.23079901195e-118,is served at approximately
59,5.426833788e-118,was at
59,5.40047606275e-118,follows at
59,5.10977939455e-118,began at
60,2.00809736101e-119,does begin at
60,1.80059419771e-119,must begin at
60,1.43519850263e-119,starts around
60,1.2706422228e-119,kicks off at
60,1.19413448944e-119,should begin at
60,1.16613733844e-119,starts promptly at
60,1.10011110753e-119,will start at
60,1.00657059743e-119,really does begin at
60,9.57416739037e-120,always begins at
60,9.44677147113e-120,begins from
61,1.39452287361e-121,must start at
61,1.06888775162e-121,was the other name for
61,1.03092488131e-121,starts @
61,9.09029777033e-122,also starts at
61,9.09029777033e-122,reigns at
61,9.06575409884e-122,always starts at
61,9.03041076113e-122,begins here at
61,7.61188381833e-122,will prevail at
61,6.93405739997e-122,has to start at
61,6.72391579717e-122,was to start at
62,3.21333706392e-124,always start at
62,2.52396401573e-124,is vital at
62,2.23745212114e-124,start at
62,1.74268168378e-124,begin at
62,1.59472356562e-124,goes back to
63,4.46157615194e-126,count from
63,3.05015061496e-126,start promptly at
63,2.46343273576e-126,start with
63,2.2329925103e-126,held at
63,1.90322961147e-126,are Fridays at
63,1.90322961147e-126,are Mondays at
63,1.88995830829e-126,are held every Tuesday at
63,1.86988144606e-126,still start at
63,1.798081127e-126,generally start at
63,1.72138628921e-126,begin nightly at
64,1.75199226094e-128,begin promptly at
64,1.66923312546e-128,will begin promptly at
64,1.30807516092e-128,are held at
64,1.2130584669e-128,are every Monday at
64,1.19864955748e-128,are Thursday at
64,1.19864955748e-128,are Thursday evenings at
64,1.15724553024e-128,are every Tuesday at
64,1.12408949556e-128,are to begin at
64,1.10051965029e-128,are Wednesdays at
64,1.05365293536e-128,are held Monday evenings at
65,1.383287654e-130,run from
65,1.30553393802e-130,will begin daily at
65,1.28082394058e-130,are Tuesdays at
65,1.01943000873e-130,were cancelled at
65,1.01888010055e-130,begin daily at
65,1.01722176684e-130,are held Sundays at
65,1.01672735532e-130,met from
65,1.01062694257e-130,are at
65,1.00497148185e-130,run from approximately
65,9.64595590523e-131,usually begin at
66,8.60870779046e-133,run regularly from
66,7.57133450665e-133,run to
66,6.56102587172e-133,run regularly to
66,5.01529780937e-133,could be at
66,5.004700858e-133,are to be held at
66,4.84327659268e-133,are Sundays at
66,4.48576056632e-133,are conducted from
66,4.2929027085e-133,run frequently from
66,4.29094385871e-133,also run regularly to
66,4.25518802781e-133,run frequently to
67,3.43976032703e-135,were to be at
67,3.02360935171e-135,run direct from
67,2.7821228072e-135,were set for
67,2.71210503144e-135,were scheduled for
67,2.51456347429e-135,also run to
67,2.48197827105e-135,will be held Tuesday at
67,2.48092947125e-135,will begin there at
67,2.47829187019e-135,are also set for
67,2.42848652399e-135,will be conducted there Saturday at
67,2.40308709808e-135,are normally held at
68,3.0958745995e-137,will be conducted at
68,2.19882938704e-137,are set for
68,2.08704069947e-137,will be conducted
68,1.91029563812e-137,were held at
68,1.56197853769e-137,were at
68,1.4875834625e-137,shall be held in
68,1.47897955595e-137,are coming up in
68,1.42391807246e-137,were held
68,1.36385770029e-137,were conducted at
68,1.32034321234e-137,are expected to be held in
69,8.31074678385e-139,are scheduled for
69,5.69995400088e-139,will be held
69,5.35280550807e-139,will be held at
69,5.19585329464e-139,will take place at
69,4.340138744e-139,are to be at
69,4.05584639525e-139,will be Tuesday at
69,4.02666448504e-139,are tentatively set for
69,3.99617316807e-139,will be
69,3.95546358521e-139,will be Friday at
69,3.68388752354e-139,will follow at
70,7.10084248247e-141,were conducted
70,6.66331085057e-141,were to be held at
70,5.66372913633e-141,are to be
70,5.19589706873e-141,are early
70,4.77042008804e-141,play to
70,4.74982217227e-141,are Wednesday at
70,4.74982217227e-141,will be held there at
70,4.73824385722e-141,are set to begin at
70,4.73824385722e-141,will be held Thursday at
70,4.72868391887e-141,will be Monday at
71,5.96288398589e-143,were held on
71,5.61292549356e-143,are Monday at
71,4.80868151434e-143,will be held on
71,4.27188022104e-143,were conducted on
71,3.81097865963e-143,are Friday at
71,3.80903604709e-143,will be Wednesday at
71,3.698431274e-143,were today at
71,3.64117361327e-143,will be Saturday at
71,3.23013563716e-143,were screened
71,2.89083663567e-143,were allowed to
72,4.60029102349e-145,shall be held on
72,2.77742365211e-145,must be held on
72,2.76676061261e-145,are necessary on
72,2.74777219364e-145,should occur on
72,2.73436033607e-145,should be scheduled on
72,2.66507747336e-145,should be held on
72,2.54963652065e-145,shall be scheduled on
72,2.45697388988e-145,are established on
72,2.33846091062e-145,are usually held on
72,2.16087720064e-145,are not on
73,8.47395519475e-147,are held on
73,4.17547767695e-147,are scheduled on
73,3.0807393097e-147,are generally held on
73,2.97540102725e-147,are conducted on
73,2.60660374857e-147,held on
73,2.52740792358e-147,will be on
73,2.52625741149e-147,occurred on
73,2.39254375091e-147,are often held on
73,2.38975913688e-147,are on
73,2.36765122913e-147,are typically on
74,1.9711074782e-148,are held
74,1.01092089612e-148,are offered on
74,9.60028384916e-149,are run on
74,8.30055319716e-149,are currently held on
74,7.95825943115e-149,are now held on
74,6.88703806783e-149,meet on
74,6.77989112724e-149,offered on
74,6.760629235e-149,will meet on
74,6.0722457743e-149,meet once a week on
74,6.00312935709e-149,are offered
